[
  {
    "code": "11",
    "jurisdiction": "Ciudad Aut\u00f3noma de Buenos Aires/Provincia de Buenos Aires (dentro del \u00e1rea metropolitana)",
    "localities": "Buenos Aires, Acassuso, Adrogu\u00e9, Aeropuerto Internacional Ezeiza, Aldo Bonzi, \u00c1rea de Promoci\u00f3n El Tri\u00e1ngulo, Avellaneda, Banfield, Beccar, Bella Vista, Berazategui, Bernal, Billinghurst, Bosques, Boulogne Sur Mer, Burzaco, Campo de Mayo, Canning, Caseros, Castelar, Ciudad Evita, Ciudad Jard\u00edn Lomas del Palomar, Ciudadela, Churruca, Claypole, Crucecita, Dock Sud, Don Bosco, Don Orione, Don Torcuato, El Jag\u00fcel, El Libertador, El Palomar, El Talar, Estanislao Zeballos, Ezeiza, Ezpeleta, Florencio Varela, General Pacheco, Gerli, Gobernador Julio A. Costa, Gregorio de Laferrere, Haedo, Hudson, Hurlingham, Ingeniero Adolfo Sourdeaux, Ingeniero Budge, Ingeniero Pablo Nogu\u00e9s, Isidro Casanova, Ituzaing\u00f3, Jos\u00e9 Ingenieros, Jos\u00e9 Le\u00f3n Su\u00e1rez, Jos\u00e9 M\u00e1rmol, La Tablada, La Uni\u00f3n, Lan\u00fas, Llavallol, Loma Hermosa, Lomas de Zamora, Lomas del Mirador, Longchamps, Los Polvorines, Luis Guill\u00f3n, Malvinas Argentinas (Almirante Brown), Malvinas Argentinas (Malvinas Argentinas), Mart\u00edn Coronado, Mart\u00ednez, Ministro Rivadavia, Monte Chingolo, Monte Grande, Mor\u00f3n, Munro, Mu\u00f1iz, Nordelta, Nueve de Abril, Olivos, Once de Septiembre, Pablo Podest\u00e1, Pi\u00f1eyro, Pl\u00e1tanos, Quilmes, Rafael Calzada, Rafael Castillo, Ramos Mej\u00eda, Ranelagh, Remedios de Escalada, Rinc\u00f3n de Milberg, S\u00e1enz Pe\u00f1a, San Andr\u00e9s, San Fernando, San Francisco Solano, San Isidro, San Jos\u00e9, San Justo, San Mart\u00edn, San Miguel, Santa Mar\u00eda, Santos Lugares, Sarand\u00ed, Sourigues, Tapiales, Temperley, Tierras Altas, Tigre, Trist\u00e1n Su\u00e1rez, Troncos del Talar, Turdera, Valent\u00edn Alsina, Victoria, Villa Adelina, Villa Albertina, Villa Ballester, Villa Bosch, Villa Brown, Villa Centenario, Villa de Mayo, Villa Dom\u00ednico, Villa Espa\u00f1a, Villa Fiorito, Villa La Florida, Villa Luzuriaga, Villa Lynch, Villa Madero, Villa Maip\u00fa, Villa Raffo, Villa San Luis, Villa Sarmiento, Villa Tesei, Villa Vatteone, Virreyes, Wilde, William C. Morris"
  },
  {
    "code": "220",
    "jurisdiction": "Buenos Aires",
    "localities": "Merlo, General Hornos, General Las Heras, La Choza, Libertad, Marcos Paz, Mariano Acosta, Parque San Mart\u00edn, Plomer, Pontevedra, San Antonio de Padua, 20 de Junio, Villars"
  },
  {
    "code": "221",
    "jurisdiction": "Buenos Aires",
    "localities": "La Plata, Abasto, \u00c1ngel Etcheverry, Arturo Segu\u00ed, Barrio Banco Provincia, Barrio El Carmen Este, Barrio Universitario, Berisso, City Bell, Dique N\u00ba 1, Ensenada, General Mansilla (Est. Bartolom\u00e9 Bavio), Ignacio Correas, Isla Santiago Oeste, Joaqu\u00edn Gorina, Jos\u00e9 Hern\u00e1ndez, Lomas de Copello, Jos\u00e9 Melchor Romero, Las Golondrinas, Lisandro Olmos, Los Hornos, Los Naranjos, Los Talas, Manuel B. Gonnet, Punta Lara, Ringuelet, Tolosa, Villa Arg\u00fcello, Villa Catella, Villa Dolores, Villa Elisa, Villa Elvira, Villa Garibaldi, Villa Independencia, Villa Nueva, Villa Porte\u00f1a, Villa Zula"
  },
  {
    "code": "223",
    "jurisdiction": "Buenos Aires",
    "localities": "Mar del Plata, Bat\u00e1n, Camet, Chapadmalal, Estaci\u00f3n Chapadmalal, La Gloria de la Peregrina, Santa Clara del Mar, Sierra de los Padres"
  },
  {
    "code": "230",
    "jurisdiction": "Buenos Aires",
    "localities": "Pilar, Arroyo de La Cruz, Del Viso, Diego Gaynor, Etchegoyen, F\u00e1tima, La Lonja, Los Cardales, Manuel Alberti, Manzanares, Parada Orlando, Presidente Derqui, Villa Astolfi, Villa Rosa, Zelaya"
  },
  {
    "code": "236",
    "jurisdiction": "Buenos Aires",
    "localities": "Jun\u00edn, Agust\u00edn Roca, Agustina, Balneario Laguna de G\u00f3mez, Baigorrita, Fort\u00edn Tiburcio, Laplacette, Leandro N. Alem, Morse, Saforcada"
  },
  {
    "code": "237",
    "jurisdiction": "Buenos Aires",
    "localities": "Moreno, Cuartel V, Francisco \u00c1lvarez, General Rodr\u00edguez, La Reja, Paso del Rey, Trujui"
  },
  {
    "code": "249",
    "jurisdiction": "Buenos Aires",
    "localities": "Tandil, De la Canal, Desv\u00edo Aguirre, Fulton, Gardey, Mar\u00eda Ignacia (Estaci\u00f3n Vela)"
  },
  {
    "code": "260",
    "jurisdiction": "Mendoza",
    "localities": "San Rafael, Agua Escondida, Bardas Blancas, Barrio Echeverr\u00eda, Barrio Empleados de Comercio, Barrio Intendencia, Barrio Primavera, Capit\u00e1n Montoya, Costa El Toledano, Cuadro Benegas, Cuadro Nacional, El Nihuil, El Sosneado, El Tropez\u00f3n, Goudge, La Llave, Las Le\u00f1as, Las Malvinas, Las Paredes, Los Reyunos, Malarg\u00fce, Monte Com\u00e1n, Rama Ca\u00edda, Salto de las Rosas, Villa Veinticinco de Mayo"
  },
  {
    "code": "261",
    "jurisdiction": "Mendoza",
    "localities": "Mendoza, Agrelo, Alto del Olvido, Barrancas, Barrio Jes\u00fas de Nazaret, Barrio Jocol\u00ed II, Barrio La Esperanza, Barrio Los Jarilleros, Barrio Tres Olivos, Blanco Encalada, Cacheuta, Capdevilla, Carrodilla, Chacras de Coria, Colonia Segovia, Coquimbito, Costa de Araujo, Cruz de Piedra, El Carrizal, El Paramillo, El Vergel, Fray Luis Beltr\u00e1n, Godoy Cruz, Ingeniero Gustavo Andr\u00e9, Jocol\u00ed, Jocol\u00ed Viejo, La Palmera, La Pega, La Primavera, Lagunas de Bartoluzzi, Las Compuertas, Las Heras, Las Violetas, Los Corralitos, Luj\u00e1n de Cuyo, Lunlunta, Luzuriaga, Maip\u00fa, Perdriel, Puente de Hierro, Rodeo de la Cruz, Rodeo del Medio, Russell, San Roque, Tres de Mayo, Tres Esquinas, Ugarteche, Villa Nueva, Villa Teresa, Villa Tulumaya"
  },
  {
    "code": "263",
    "jurisdiction": "Mendoza",
    "localities": "San Mart\u00edn, Alto Salvador, Alto Verde, Andrade, Barrio Chivilcoy, Barrio Cooperativa Los Campamentos, Barrio Mar\u00eda Auxiliadora, Barrio Rivadavia, Chapanay, Cuadro Ortega, Doce de Octubre, El Central, El Marcado, El Mirador, Ingeniero Giagnoni, Jun\u00edn, La Central, La Colonia, La Dormida, La Esperanza, La Florida, La Libertad, La Reducci\u00f3n, Las Catitas, Los \u00c1rboles, Los Charabones, Los Campamentos, Medrano, Montecaseros, Mundo Nuevo, Nueva California, Palmira, Phillips, Rivadavia, Rodr\u00edguez Pe\u00f1a, Santa Mar\u00eda de Oro, Santa Rosa, Tres Porte\u00f1as, Villa Los Barriales"
  },
  {
    "code": "264",
    "jurisdiction": "San Juan",
    "localities": "San Juan, Albard\u00f3n, Alto de Sierra (Nueve de Julio), Alto de Sierra (Santa Luc\u00eda), Barrio Ruta 40, Barrio Sadop, Bermejo, Ca\u00f1ada Honda, Caucete, Campo Afuera, Carpinter\u00eda, Cienaguita, Colonia Fiorito, Colonia Fiscal, Colonia Guti\u00e9rrez, Divisadero, Dos Acequias, El Enc\u00f3n, El Medanito, El Rinc\u00f3n (Albard\u00f3n), El Rinc\u00f3n (Caucete), General San Mart\u00edn, Guanacache, La Ca\u00f1ada, La Chimbera, La Rinconada, Las Chacritas, Las Lagunas, Las Talas, Las Tapias, Los Berros, Los M\u00e9danos, Marayes, Media Agua, Nueve de Julio, Pedernal, Pie de Palo, Punta del M\u00e9dano, Quinto Cuartel, Rawson, Rivadavia, San Isidro, San Mart\u00edn, Santa Luc\u00eda, Santa Rosa, Tupel\u00ed, Vallecito, Villa Aberastain, Villa Ampacama, Villa Barboza, Villa Basilio Nievas, Villa Bola\u00f1os, Villa Borjas, Villa Centenario, Villa del Salvador, Villa Dominguito, Villa Don Bosco, Villa El Tango, Villa Ib\u00e1\u00f1ez, Villa Independencia, Villa Krause, Villa Nacusi, Villa Paula Albarrac\u00edn de Sarmiento, Villa Sefair Talacasto, Villa Tac\u00fa"
  },
  {
    "code": "266",
    "jurisdiction": "San Luis",
    "localities": "San Luis, Alto Pelado, Alto Pencoso, Carolina, Desaguadero (parte), El Trapiche, El Volc\u00e1n, Juana Koslay, La Calera, La Florida, La Punta, Potrero de los Funes (parte), San Ger\u00f3nimo, Villa de la Quebrada, Zanjitas"
  },
  {
    "code": "280",
    "jurisdiction": "Chubut",
    "localities": "Trelew, Blancuntre, Cerro C\u00f3ndor, Dolavon, El Escorial, El Mirasol, El Sombrero, Gaiman, Gan Gan, Gastre, Lagunita Salada, Las Plumas, Los Altares, Paso de Indios, Playa Magagna, Playa Uni\u00f3n, Puerto Madryn, Puerto Pir\u00e1mides, Quinta El Mirador, Rawson, Telsen, Veintiocho de Julio, Villa Dique Florentino Ameghino, Yala Laubat"
  },
  {
    "code": "291",
    "jurisdiction": "Buenos Aires",
    "localities": "Bah\u00eda Blanca, Balneario La Chiquita, Cabildo, Chasic\u00f3, Colonia Monte La Plata, Colonia San Adolfo, General Daniel Cerri, Gr\u00fcnbein, Ingeniero White, Juan Coust\u00e9, Mayor Buratovich, Saldungaray, Sierra de la Ventana, Teniente Origone, Tornquist, Tres Picos, Villa Arcadia, Villa Bordeu, Villa Espora, Villa Serrana La Gruta, Villa Ventana"
  },
  {
    "code": "294",
    "jurisdiction": "R\u00edo NegroNeuqu\u00e9nChubut",
    "localities": "San Carlos de Bariloche, Colonia Suiza, Dina Huapi, El Bols\u00f3n, El Foyel, El Manso, Hoyo de Epuy\u00e9n, Lago Puelo, Mamuel Choique, \u00d1irihuau, \u00d1orquinc\u00f3, Paso Flores, Pilcaniyeu, Pilquiniyeu del Limay, R\u00edo Chico R\u00edo Villegas, Villa Campanario, Villa Cerro Catedral, Villa La Angostura, Villa Llanqu\u00edn, Villa Llao Llao, Villa Los Coihues, Villa Mascardi, Villa Traful"
  },
  {
    "code": "297",
    "jurisdiction": "ChubutSanta Cruz",
    "localities": "Comodoro Rivadavia, Astra, Caleta Olivia, Camarones, Ca\u00f1ad\u00f3n Seco, Diadema Argentina, Fitz Roy, Garayalde, Jaramillo, Koluel Kayke, Las Heras, Pico Truncado, Puerto Deseado, Rada Tilly, Sarmiento, Tellier"
  },
  {
    "code": "298",
    "jurisdiction": "R\u00edo Negro",
    "localities": "General Roca, Aguada Guzm\u00e1n, Allen, Cerro Polic\u00eda, Cervantes, Chichinales, Coronel Juan Jos\u00e9 G\u00f3mez, El Cuy, General Enrique Godoy, Guerrico, Ingeniero Luis A. Huergo, Ingeniero Otto Krause, Mainqu\u00e9, Mencu\u00e9, Padre Stefenelli, Paso C\u00f3rdoba, Valle Azul, Villa Alberdi, Villa del Parque, Villa Regina"
  },
  {
    "code": "299",
    "jurisdiction": "Neuqu\u00e9nR\u00edo NegroLa Pampa",
    "localities": "Neuqu\u00e9n, Aguada San Roque, A\u00f1elo, Bajo San Cayetano, Barda del Medio, Campo Grande, Casa de Piedra, Catriel, Centenario, Cinco Saltos, Cipolletti, Contralmirante Cordero, Cutral-Co, Ferri, General Fern\u00e1ndez Oro, Las Perlas, Octavio Pico, Pen\u00ednsula Ruca Co, Pe\u00f1as Blancas, Plaza Huincul, Plottier, Puel\u00e9n, Rinc\u00f3n de los Sauces, San Patricio del Cha\u00f1ar, Sargento Vidal, Senillosa, Veinticinco de Mayo, Villa El Choc\u00f3n, Villa Manzano, Villa San Isidro, Vista Alegre|"
  },
  {
    "code": "336",
    "jurisdiction": "Buenos Aires",
    "localities": "San Nicol\u00e1s de los Arroyos, Campos Salles, Conesa, Er\u00e9zcano, General Rojo, La Emilia, Villa Campi, Villa Canto, Villa Esperanza, Villa Hermosa, Villa Riccio"
  },
  {
    "code": "341",
    "jurisdiction": "Santa Fe",
    "localities": "Rosario, Alvear, Arbilla, Capit\u00e1n Berm\u00fadez, Carcara\u00f1\u00e1, Coronel Arnold, El Caramelo, Fray Luis Beltr\u00e1n, Funes, Granadero Baigorria, Ibarlucea, Kil\u00f3metro 101, La Carolina, P\u00e9rez, Rold\u00e1n, San Jer\u00f3nimo Sud, Soldini, Villa del Plata, Villa Gobernador G\u00e1lvez, Zavalla, San Lorenzo, "
  },
  {
    "code": "342",
    "jurisdiction": "Santa Fe",
    "localities": "Santa Fe, \u00c1ngel Gallardo, Arroyo Aguiar, Arroyo Leyes, Barrio Caima, Cabal, Campo Andino, Chaco Chico, Coronda, Desv\u00edo Arij\u00f3n, Empalme San Carlos, Franck, Gobernador Candioti, Laguna Paiva, Las Tunas, Matilde, Monte Vera, Nelson, Paraje La Costa, Plaza Matilde, Recreo, Rinc\u00f3n Potrero, San Agust\u00edn, San Jos\u00e9 del Rinc\u00f3n, Santa Rosa de Calchines, Santo Tom\u00e9, Sauce Viejo, Villa Laura"
  },
  {
    "code": "343",
    "jurisdiction": "Entre R\u00edos",
    "localities": "Paran\u00e1, Aldea Brasilera, Aldea Mar\u00eda Luisa, Aldea Protestante, Aldea Salto, Aldea Santa Mar\u00eda, Aldea Spatzenkutter, Aldea Valle Mar\u00eda, Cerrito, Colonia Avellaneda, Colonia Ensayo, Crespo, Diamante, Estaci\u00f3n Camps, El Palenque, El Pingo, General Racedo, General Ram\u00edrez, Gobernador Etchevehere, Hasenkamp, La Picada, Las Tunas, Libertador San Mart\u00edn, Mar\u00eda Grande, Oro Verde, Paso de la Arena, Pueblo Bellocq, Pueblo Brugo, Puerto Alvear, Puerto Las Cuevas, San Benito, Sauce Montrull, Sauce Pinto, Segu\u00ed, Sosa, Tabossi, Tezanos Pinto, Viale, Villa Fontana, Villa Hernandarias, Villa Urquiza"
  },
  {
    "code": "345",
    "jurisdiction": "Entre R\u00edos",
    "localities": "Concordia, Colonia Ayu\u00ed, Colonia Baylina, Colonia Oficial N\u00ba 5, Colonia Roca, Colonia San Justo, Clodomiro Ledesma, El Redom\u00f3n, Estancia Grande, Estaci\u00f3n Yeru\u00e1, General Campos, Hambis, La Criolla, Los Charr\u00faas, Nueva Escocia, Pedernal, Puerto Yeru\u00e1, San Salvador, Ubajay, Walter Moss"
  },
  {
    "code": "348",
    "jurisdiction": "Buenos Aires",
    "localities": "Bel\u00e9n de Escobar, Dique Luj\u00e1n, Gar\u00edn, Ingeniero Maschwitz, Maquinista F. Savio, Loma Verde, Matheu, Puerto Paran\u00e1"
  },
  {
    "code": "351",
    "jurisdiction": "C\u00f3rdoba",
    "localities": "C\u00f3rdoba, Barrio Gilbert, Bouwer, Caseros Centro, Causana, Colonia Tirolesa, Estaci\u00f3n Colonia Tirolesa, Estaci\u00f3n Ju\u00e1rez Celman, Gui\u00f1az\u00fa Norte, La Carbonada, La Perla, Malague\u00f1o, Malvinas Argentinas, Mi Granja, Monte Cristo, Santa Elena, Toledo, Villa Los Llanos, Villa Sierras de Oro, Yocsina"
  },
  {
    "code": "353",
    "jurisdiction": "C\u00f3rdoba",
    "localities": "Villa Mar\u00eda, Ana Zumar\u00e1n, Arroyo Algod\u00f3n, Arroyo Cabral, Ausonia, Ballesteros, Ballesteros Sud, Bengolea, Carrilobo, Chaz\u00f3n, Dalmacio V\u00e9lez Sarsfield, Etruria, Hernando, James Craik, La Laguna, La Palestina, La Playosa, Las Isletillas, Las Mojarras, Las Pe\u00f1as Sud, Las Perdices, Los Zorros, Luca, Pascanas, Pasco, Pozo del Molle, Punta del Agua, Ram\u00f3n J. C\u00e1rcano, Sanabria, Silvio Pellico, Ticino, T\u00edo Pujio, Ucacha, Villa Albertina, Villa Nueva, Villa Oeste"
  },
  {
    "code": "358",
    "jurisdiction": "C\u00f3rdoba",
    "localities": "R\u00edo Cuarto, Alcira Gigena, Alejandro Roca, Alpa Corral, Berrotar\u00e1n, Carnerillo, Charras, Chucul, Coronel Baigorria, Elena, General Cabrera, General Deheza, La Carolina, La Gilda, Las Acequias, Las Albahacas, Las Caleras, Las Higueras, Las Vertientes, Olaeta, Paso Cabral, Paso del Durazno, R\u00edo de Los Sauces, Santa Catalina, Villa El Chacay, Villa Reducci\u00f3n, Villa Santa Eugenia"
  },
  {
    "code": "362",
    "jurisdiction": "Chaco",
    "localities": "Resistencia, Barranqueras, Barrio San Pedro Pescador, Basail, Colonia Baranda, Colonia Ben\u00edtez, Colonia Popular, Fontana, General Obligado, General Vedia, Isla del Cerrito, La Escondida, La Leonesa, La Verde, Laguna Blanca, Lapachito, Las Palmas, Makall\u00e9, Margarita Bel\u00e9n, Puerto Bermejo, Puerto Bermejo Viejo, Puerto Eva Per\u00f3n, Puerto Tirol, Puerto Vilelas"
  },
  {
    "code": "364",
    "jurisdiction": "Chaco",
    "localities": "Presidencia Roque S\u00e1enz Pe\u00f1a, Avia Terai, Campo Largo, Colonia Aborigen Chaco, Concepci\u00f3n del Bermejo, Fort\u00edn Lavalle, Juan Jos\u00e9 Castelli, La Chiquita, La Tigra, Los Frentones, Miraflores, Napenay, Pampa del Infierno, Quitilipi, R\u00edo Muerto, Tres Isletas, Villa R\u00edo Bermejito, Villa Rural El Palmar, Zaparinqui"
  },
  {
    "code": "370",
    "jurisdiction": "Formosa",
    "localities": "Formosa, Banco Payagu\u00e1, Colonia Pastoril, El Colorado, General Lucio V. Mansilla, Gran Guardia, Herradura, Mayor Vicente Villafa\u00f1e, San Francisco de Laishi, San Hilario, Mariano Boedo, Moj\u00f3n de Fierro, Palo Santo, Piran\u00e9, Subteniente Per\u00edn, Tatan\u00e9, Villa del Carmen, Villa Dos Trece, Villa Escolar, Villa Trinidad"
  },
  {
    "code": "376",
    "jurisdiction": "Misiones",
    "localities": "Posadas, Barrio del Lago, Barrio Eva Per\u00f3n (Helvecia), Bonpland, Candelaria, Cerro Azul, Cerro Cor\u00e1, Corpus, Domingo Savio, Fachinal, Garup\u00e1, General Urquiza, Gobernador Roca, Hip\u00f3lito Yrigoyen, Loreto, M\u00e1rtires, Nemesio Parma, Profundidad, Roca Chica, San Ignacio, Santa Ana, Santo Pip\u00f3"
  },
  {
    "code": "379",
    "jurisdiction": "Corrientes",
    "localities": "Corrientes, Barrio Esperanza, El Sombrero, Empedrado, Herlitzka, Itat\u00ed, Laguna Brava, Paso de la Patria, Ramada Paso, Riachuelo, San Cayetano, San Cosme, San Luis del Palmar, Santa Ana de los Gu\u00e1caras"
  },
  {
    "code": "380",
    "jurisdiction": "La Rioja",
    "localities": "La Rioja, Aman\u00e1, Patqu\u00eda, Punta de los Llanos, Tama, Villa Sanagasta"
  },
  {
    "code": "381",
    "jurisdiction": "Tucum\u00e1n",
    "localities": "San Miguel de Tucum\u00e1n, Alderetes, Barrio Aeropuerto, Bella Vista, Cebil Redondo, Colombres, Delf\u00edn Gallo, El Bracho, El Cadillal, El Cha\u00f1ar, El Corte, El Manantial, El Para\u00edso, Estaci\u00f3n Ar\u00e1oz, Ingenio San Pablo, La Florida, La Ramada, Lastenia, Los Guti\u00e9rrez, Lules, Manuel Garc\u00eda Fern\u00e1ndez, Pacar\u00e1, Quilmes y Los Sueldos, San Andr\u00e9s, Taf\u00ed Viejo, Villa Fiad, Villa Nougu\u00e9s, Yerba Buena"
  },
  {
    "code": "383",
    "jurisdiction": "Catamarca",
    "localities": "San Fernando del Valle de Catamarca, Adolfo E. Carranza, Alijil\u00e1n, Amadores, Ancasti, Anquincila, Balde de la Punta, Ba\u00f1ado de Ovanta, Barrio Bancario, Capay\u00e1n, Chuchucaruana, Chumbicha, Collagasta, Colonia del Valle, Colonia Nueva Coneta, Colpes, Concepci\u00f3n, Coneta, El Alto, El Ba\u00f1ado (Capay\u00e1n), El Ba\u00f1ado (Valle Viejo), El Bols\u00f3n, El Hueco, El Pantanillo, El Portezuelo, El Rodeo, El Rosario, Guayamba, Huaycama (Ambato), Huaycama (Valle Viejo), Huillapima, Infanz\u00f3n, La Bajada, La Candelaria, La Carrera, La Falda de San Antonio, La Higuera, La Majada, La Merced, La Puerta, La Tercena, La Vi\u00f1a, Las Ca\u00f1as, Las Chacritas, Las Juntas, Las Lajas, Las Tejas, Lavalle (parte), Los Altos, Los \u00c1ngeles, Los Castillos, Los Corrales, Los Talas, Los Varela, Manantiales, Miraflores, Monte Potrero, Palo Labrado, Polcos, Pomancillo Este, Pomancillo Oeste, Pozo del Mistol, San Antonio (Fray Mamerto Esqui\u00fa), San Antonio (Pacl\u00edn), San Isidro, San Jos\u00e9, San Mart\u00edn, San Pablo, San Pedro, San Pedro de Guasay\u00e1n (parte), Santa Cruz, Santa Rosa, Singuil, Sumalao, Tapso (parte), Vilism\u00e1n, Villa de Balcozna, Villa Dolores, Villa Las Pirquitas"
  },
  {
    "code": "385",
    "jurisdiction": "Santiago del Estero",
    "localities": "Santiago del Estero, Antaj\u00e9, Ardiles, \u00c1rraga, Beltr\u00e1n, Ca\u00f1ada Escobar, Chaupi Pozo, Clodomira, Colonia El Simbolar, El De\u00e1n, El Moj\u00f3n, El Puestito de San Antonio, El Zanj\u00f3n, Estaci\u00f3n Robles, Estaci\u00f3n Simbolar, Estaci\u00f3n Taboada, Fern\u00e1ndez, Ingeniero Forres, La Aurora, La Banda, La D\u00e1rsena (San Ram\u00f3n), Los Cardozos, Los Morales, Los N\u00fa\u00f1ez, Los Quiroga, Maco, Maquito, San Pedro, Santa Mar\u00eda, Tramo 16, Villa Robles, Vilmer, Yanda"
  },
  {
    "code": "387",
    "jurisdiction": "Salta",
    "localities": "Salta, Aleman\u00eda, Ampascachi, Cabra Corral, Campo Quijano, Campo Santo, Cerrillos, Chicoana, Cobos, Coronel Moldes, El Bordo, El Carril, General G\u00fcemes, Guachipas, Iruya, La Caldera, La Ci\u00e9naga, La Merced, La Silleta, La Vi\u00f1a, Las Costas, Olacapato, Rosario de Lerma, San Antonio de los Cobres, San Agust\u00edn, Santa Rosa de los Pastos Grandes, Talapampa, Tolar Grande, Vaqueros, Villa Los \u00c1lamos, Villa San Lorenzo"
  },
  {
    "code": "388",
    "jurisdiction": "Jujuy",
    "localities": "San Salvador de Jujuy, Aguas Calientes, Alto Comedero, Barrio La Uni\u00f3n, Carahunco, Centro Forestal, Colonia San Jos\u00e9, El Carmen, El Ceibal, El C\u00f3ndor, Guerrero, Huacalera, Juella, La Almona, La Ovejer\u00eda, Le\u00f3n, Los Alisos, Los Lapachos, Los Nogales, Maimar\u00e1, Manantiales, Mina 9 de Octubre, Monterrico, Ocloyas, Palpal\u00e1, Pampa Blanca, Perico, Posta de Hornillos, Puesto Viejo, Purmamarca, R\u00edo Blanco, San Antonio, San Isidro, San Juancito, San Pablo de Reyes, Tilcara, Tumbaya, Volc\u00e1n, Villa Palpal\u00e1, Yala"
  },
  {
    "code": "2202",
    "jurisdiction": "Buenos Aires",
    "localities": "Gonz\u00e1lez Cat\u00e1n, Virrey del Pino"
  },
  {
    "code": "2221",
    "jurisdiction": "Buenos Aires",
    "localities": "Magdalena, \u00c1lvarez Jonte, Atalaya, Pipinas, Las Tahonas, Monte Veloz, Punta del Indio, Roberto J. Payr\u00f3, Ver\u00f3nica, Vieytes"
  },
  {
    "code": "2223",
    "jurisdiction": "Buenos Aires",
    "localities": "Brandsen, Altamirano, G\u00f3mez, Jeppener, Las Acacias, Loma Verde"
  },
  {
    "code": "2224",
    "jurisdiction": "Buenos Aires",
    "localities": "Glew, Guernica"
  },
  {
    "code": "2225",
    "jurisdiction": "Buenos Aires",
    "localities": "Alejandro Korn, Domselaar, La Capilla, San Vicente"
  },
  {
    "code": "2226",
    "jurisdiction": "Buenos Aires",
    "localities": "Ca\u00f1uelas, Alejandro Peti\u00f3n, El Taladro, Gobernador Udaondo, Santa Rosa, Uribelarrea, Vicente Casares"
  },
  {
    "code": "2227",
    "jurisdiction": "Buenos Aires",
    "localities": "Lobos, Navarro, Antonio Carboni, Carlos Beguerie, Elvira, Empalme Lobos, Roque P\u00e9rez, Salvador Mar\u00eda, Zapiola"
  },
  {
    "code": "2229",
    "jurisdiction": "Buenos Aires",
    "localities": "Juan Mar\u00eda Guti\u00e9rrez, El Pato, Ingeniero Juan Allan, Pereyra"
  },
  {
    "code": "2241",
    "jurisdiction": "Buenos Aires",
    "localities": "Chascom\u00fas, Alegre, Ranchos, Samboromb\u00f3n"
  },
  {
    "code": "2242",
    "jurisdiction": "Buenos Aires",
    "localities": "Lezama, Casalins, Pila"
  },
  {
    "code": "2243",
    "jurisdiction": "Buenos Aires",
    "localities": "General Belgrano, Barrio R\u00edo Salado, Villanueva"
  },
  {
    "code": "2244",
    "jurisdiction": "Buenos Aires",
    "localities": "Las Flores, Coronel Boerr, El Trigo, Pardo"
  },
  {
    "code": "2245",
    "jurisdiction": "Buenos Aires",
    "localities": "Dolores, Castelli, Centro Guerrero, Cerro de la Gloria, General Conesa, Sevigne, Villa Roch"
  },
  {
    "code": "2246",
    "jurisdiction": "Buenos Aires",
    "localities": "Santa Teresita, Costa Chica, Costa del Este, Las Toninas, Mar del Tuy\u00fa"
  },
  {
    "code": "2252",
    "jurisdiction": "Buenos Aires",
    "localities": "San Clemente del Tuy\u00fa, Chacras de San Clemente, General Lavalle"
  },
  {
    "code": "2254",
    "jurisdiction": "Buenos Aires",
    "localities": "Pinamar, Caril\u00f3, Ostende, Valeria del Mar"
  },
  {
    "code": "2255",
    "jurisdiction": "Buenos Aires",
    "localities": "Villa Gesell, Las Gaviotas, Mar Azul, Mar de las Pampas"
  },
  {
    "code": "2257",
    "jurisdiction": "Buenos Aires",
    "localities": "Mar de Aj\u00f3, Aguas Verdes, Costa Azul, Costa Esmeralda, La Lucila del Mar, Nueva Atlantis, Pav\u00f3n, San Bernardo del Tuy\u00fa"
  },
  {
    "code": "2261",
    "jurisdiction": "Buenos Aires",
    "localities": "Lober\u00eda, Arenas Verdes, Licenciado Matienzo, Pieres, San Manuel, Tamanguey\u00fa"
  },
  {
    "code": "2262",
    "jurisdiction": "Buenos Aires",
    "localities": "Necochea, Balneario Costa Bonita, Balneario Los \u00c1ngeles, Energ\u00eda, Quequ\u00e9n"
  },
  {
    "code": "2264",
    "jurisdiction": "Buenos Aires",
    "localities": "Nicanor Olivera (Est. La Dulce), Claraz, Juan Fern\u00e1ndez, Ram\u00f3n Santamarina"
  },
  {
    "code": "2265",
    "jurisdiction": "Buenos Aires",
    "localities": "Coronel Vidal, General Pir\u00e1n, La Armon\u00eda, Mar Chiquita, Mar de Cobo, Vivorat\u00e1"
  },
  {
    "code": "2266",
    "jurisdiction": "Buenos Aires",
    "localities": "Balcarce, Los Pinos, Mechongu\u00e9, Napaleof\u00fa, Ramos Otero, San Agust\u00edn, Villa Laguna La Brava"
  },
  {
    "code": "2267",
    "jurisdiction": "Buenos Aires",
    "localities": "General Juan Madariaga"
  },
  {
    "code": "2268",
    "jurisdiction": "Buenos Aires",
    "localities": "Maip\u00fa, General Guido, Labard\u00e9n, Las Armas, Santo Domingo"
  },
  {
    "code": "2271",
    "jurisdiction": "Buenos Aires",
    "localities": "San Miguel del Monte, Abbott, Gorchs, Zen\u00f3n Videla Dorna"
  },
  {
    "code": "2272",
    "jurisdiction": "Buenos Aires",
    "localities": "Jos\u00e9 Juan Almeyra, Las Marianas, Villa Moll"
  },
  {
    "code": "2273",
    "jurisdiction": "Buenos Aires",
    "localities": "Carmen de Areco, Pueblo Gouin, Tres Sargentos"
  },
  {
    "code": "2274",
    "jurisdiction": "Buenos Aires",
    "localities": "Carlos Spegazzini, M\u00e1ximo Paz"
  },
  {
    "code": "2281",
    "jurisdiction": "Buenos Aires",
    "localities": "Azul, Ariel, Cachar\u00ed, Chillar, Diecis\u00e9is de Julio"
  },
  {
    "code": "2283",
    "jurisdiction": "Buenos Aires",
    "localities": "Tapalqu\u00e9, Crotto, Velloso"
  },
  {
    "code": "2284",
    "jurisdiction": "Buenos Aires",
    "localities": "Olavarr\u00eda, Blanca Grande, Colonia Hinojo, Colonia Nievas, Colonia San Miguel, Espigas, Hinojo, Loma Negra, Recalde, Sierra Chica, Santa Luisa, Sierras Bayas, Villa La Serran\u00eda"
  },
  {
    "code": "2285",
    "jurisdiction": "Buenos Aires",
    "localities": "Laprida, Pueblo Nuevo, Pueblo San Jorge"
  },
  {
    "code": "2286",
    "jurisdiction": "Buenos Aires",
    "localities": "General La Madrid, La Colina, Las Martinetas, L\u00edbano"
  },
  {
    "code": "2291",
    "jurisdiction": "Buenos Aires",
    "localities": "Miramar, Centinela del Mar, Comandante Nicanor Otamendi, Mar del Sud"
  },
  {
    "code": "2292",
    "jurisdiction": "Buenos Aires",
    "localities": "Benito Ju\u00e1rez, Barker, Estaci\u00f3n L\u00f3pez, Ted\u00edn Uriburu, Villa Cacique"
  },
  {
    "code": "2296",
    "jurisdiction": "Buenos Aires",
    "localities": "Ayacucho, La Constancia, Solanet, Udaquiola"
  },
  {
    "code": "2297",
    "jurisdiction": "Buenos Aires",
    "localities": "Rauch, Ega\u00f1a, Mart\u00edn Colman, Miranda"
  },
  {
    "code": "2302",
    "jurisdiction": "La Pampa/Buenos Aires",
    "localities": "General Pico, Agustoni, Alta Italia, Bernardo Larroud\u00e9, Ceballos, Coronel Hilario Lagos, Dorila, Intendente Alvear, Gonz\u00e1lez Moreno, Metileo, Speluzzi, Trebolares, Trenel, V\u00e9rtiz"
  },
  {
    "code": "2314",
    "jurisdiction": "Buenos Aires",
    "localities": "San Carlos de Bol\u00edvar, Coraceros, Hale, Henderson, Herrera Vegas, Juan F. Ibarra, Mar\u00eda Lucila, Mariano Unzu\u00e9, Paula, Pirovano, Urdampilleta, Villa Lynch Pueyrred\u00f3n"
  },
  {
    "code": "2316",
    "jurisdiction": "Buenos Aires",
    "localities": "Daireaux, Andant, Arboledas, La Larga"
  },
  {
    "code": "2317",
    "jurisdiction": "Buenos Aires",
    "localities": "Nueve de Julio, Alfredo Demarchi, Carlos Mar\u00eda Na\u00f3n, Doce de Octubre, Dudignac, La Aurora, Manuel B. Gonnet, Marcelino Ugarte, Morea, Norumbega, Patricios, Santos Unzu\u00e9, Villa General Fournier"
  },
  {
    "code": "2320",
    "jurisdiction": "Buenos Aires",
    "localities": "Jos\u00e9 C. Paz, Grand Bourg, Tortuguitas"
  },
  {
    "code": "2323",
    "jurisdiction": "Buenos Aires",
    "localities": "Luj\u00e1n, Capilla del Se\u00f1or, Carlos Keen, Cortines, El Remanso, Jos\u00e9 Mar\u00eda J\u00e1uregui, Lezica y Torrezuri, Olivera, Open Door, Parada Robles, Pav\u00f3n, Torres, Villa Ruiz"
  },
  {
    "code": "2324",
    "jurisdiction": "Buenos Aires",
    "localities": "Mercedes, Agote, General Rivas, Goldney, Gowland, Suipacha, Tom\u00e1s Jofr\u00e9"
  },
  {
    "code": "2325",
    "jurisdiction": "Buenos Aires",
    "localities": "San Andr\u00e9s de Giles, Azcu\u00e9naga, Cucull\u00fa, Franklin, Villa Espil"
  },
  {
    "code": "2326",
    "jurisdiction": "Buenos Aires",
    "localities": "San Antonio de Areco, Duggan, Sol\u00eds, Vagu\u00e9s, Villa L\u00eda"
  },
  {
    "code": "2331",
    "jurisdiction": "La Pampa",
    "localities": "Realic\u00f3, Adolfo Van Praet, Falucho, Maisonave, Ojeda, Parera, Quetrequ\u00e9n, Rancul"
  },
  {
    "code": "2333",
    "jurisdiction": "La Pampa",
    "localities": "Quem\u00fa Quem\u00fa, Colonia Bar\u00f3n, Colonia San Jos\u00e9, Mauricio Mayer, Miguel Can\u00e9, Relmo, Villa Mirasol, Winifreda"
  },
  {
    "code": "2334",
    "jurisdiction": "La Pampa",
    "localities": "Eduardo Castex, Conhelo, Monte Nievas, Rucanelo, "
  },
  {
    "code": "2335",
    "jurisdiction": "La Pampa",
    "localities": "Caleuf\u00fa, Arata, Embajador Martini, Ingeniero Luiggi, La Maruja, Pichi Huinca, "
  },
  {
    "code": "2336",
    "jurisdiction": "C\u00f3rdoba",
    "localities": "Huinca Renanc\u00f3, Pinc\u00e9n, Ranqueles, Villa Huidobro"
  },
  {
    "code": "2337",
    "jurisdiction": "Buenos Aires",
    "localities": "Am\u00e9rica, Fort\u00edn Olavarr\u00eda, Mira Pampa, Roosevelt, Sansinena, San Mauricio, Sundblad, "
  },
  {
    "code": "2338",
    "jurisdiction": "La Pampa",
    "localities": "Victorica, Algarrobo del \u00c1guila, Carro Quemado, La Humada, Loventu\u00e9, Luan Toro, Rucanelo, Santa Isabel, Tel\u00e9n, "
  },
  {
    "code": "2342",
    "jurisdiction": "Buenos Aires",
    "localities": "Bragado, Asamblea, Comodoro Py, Eduardo O'Brien, La Limpia, M\u00e1ximo Fern\u00e1ndez, Mechita, Warnes"
  },
  {
    "code": "2343",
    "jurisdiction": "Buenos Aires",
    "localities": "Norberto de La Riestra, Pedernales, "
  },
  {
    "code": "2344",
    "jurisdiction": "Buenos Aires",
    "localities": "Saladillo, \u00c1lvarez de Toledo, Caz\u00f3n, Del Carril, Juan Jos\u00e9 Blaquier, General Alvear, Polvaredas, "
  },
  {
    "code": "2345",
    "jurisdiction": "Buenos Aires",
    "localities": "25 de Mayo, Agust\u00edn Mosconi, Del Valle, Lucas Monteverde, San Enrique, Vald\u00e9s"
  },
  {
    "code": "2346",
    "jurisdiction": "Buenos Aires",
    "localities": "Chivilcoy, Alberti, Ben\u00edtez, Coronel Segu\u00ed, Emilio Ayarza, Gobernador Ugarte, Gorostiaga, Henry Bell, Indacochea, La Rica, Moquehu\u00e1, Palemon Huergo, Pl\u00e1, Ram\u00f3n Biaus, San Sebasti\u00e1n, Villa Grisol\u00eda, Villa Mar\u00eda, Villa Ortiz"
  },
  {
    "code": "2352",
    "jurisdiction": "Buenos Aires",
    "localities": "Chacabuco, Castilla, Irala, Los \u00c1ngeles, O'Higgins, Olascoaga, Rawson"
  },
  {
    "code": "2353",
    "jurisdiction": "Buenos Aires/Santa Fe",
    "localities": "General Arenales, Arribe\u00f1os, Ascensi\u00f3n, Estaci\u00f3n Arenales, Ferr\u00e9, La Angelita, La Trinidad, Teodelina (parte)."
  },
  {
    "code": "2354",
    "jurisdiction": "Buenos Aires",
    "localities": "Vedia, Alberdi Viejo, Colonia San Ricardo, El Dorado, Fort\u00edn Acha, Juan Bautista Alberdi, Villa Roth"
  },
  {
    "code": "2355",
    "jurisdiction": "Buenos Aires",
    "localities": "Lincoln, Arenaza, Bayauca, Berm\u00fadez, Coronel Mart\u00ednez de Hoz, El Triunfo, Las Toscas, Pasteur, Roberts"
  },
  {
    "code": "2356",
    "jurisdiction": "Buenos Aires",
    "localities": "General Pinto, Germania, Villa Francia"
  },
  {
    "code": "2357",
    "jurisdiction": "Buenos Aires",
    "localities": "Carlos Tejedor, Carlos Salas, Colonia Ser\u00e9, Curar\u00fa"
  },
  {
    "code": "2358",
    "jurisdiction": "Buenos Aires",
    "localities": "Los Toldos, La Delfina, San Emilio, Zaval\u00eda"
  },
  {
    "code": "2392",
    "jurisdiction": "Buenos Aires",
    "localities": "Trenque Lauquen, Beruti, Bocayuva, De Bary, Girodias, La Carreta, Pellegrini, Treinta de Agosto"
  },
  { "code": "2393", "jurisdiction": "Buenos Aires", "localities": "Salazar" },
  {
    "code": "2394",
    "jurisdiction": "Buenos Aires",
    "localities": "Tres Lomas, Ingeniero Thompson, Quenum\u00e1, Salliquel\u00f3"
  },
  {
    "code": "2395",
    "jurisdiction": "Buenos Aires",
    "localities": "Carlos Casares, Bellocq, Cadret, Colonia Mauricio, Gobernador Arias, Hortensia, La Dorita, La Sof\u00eda, Mauricio Hirsch, Moctezuma, Ordoqui, Smith"
  },
  {
    "code": "2396",
    "jurisdiction": "Buenos Aires",
    "localities": "Pehuaj\u00f3, Abel, Capit\u00e1n Castro, Chiclana, Francisco Madero, Juan Jos\u00e9 Paso, Magdala, Mones Caz\u00f3n, Nueva Plata, San Bernardo de Pehuaj\u00f3"
  },
  {
    "code": "2473",
    "jurisdiction": "Buenos Aires/Santa Fe",
    "localities": "Col\u00f3n, El Arbolito, Hughes, Juncal, Sarasa, Santa Emilia (parte), Wheelwright"
  },
  {
    "code": "2474",
    "jurisdiction": "Buenos Aires",
    "localities": "Salto, Berdier, Gahan, In\u00e9s Indart, La Invencible"
  },
  {
    "code": "2475",
    "jurisdiction": "Buenos Aires",
    "localities": "Rojas, Las Carabelas, La Beba, Los Indios, Rafael Obligado, Roberto Cano, Sol de Mayo, Villa Manuel Pomar, Villa Parque Cecir"
  },
  {
    "code": "2477",
    "jurisdiction": "Buenos Aires/Santa Fe",
    "localities": "Pergamino, Acevedo, Arroyo Dulce, Fontezuela, General Gelly, Guerrico, J. A. de la Pe\u00f1a, Juan Anchorena, Manuel Ocampo, Mariano Ben\u00edtez, Mariano H. Alfonzo, Pearson, Pinz\u00f3n, Rancagua, Villa Ang\u00e9lica, Villa San Jos\u00e9"
  },
  {
    "code": "2478",
    "jurisdiction": "Buenos Aires",
    "localities": "Arrecifes, Capit\u00e1n Sarmiento, La Luisa, Todd, Vi\u00f1a"
  },
  {
    "code": "2622",
    "jurisdiction": "Mendoza",
    "localities": "Tunuy\u00e1n, Barrio San Cayetano, Campo de los Andes, Colonia Las Rosas, Chilecito, Cord\u00f3n del Plata, El Cepillo, El Peral, Eugenio Bustos, La Arboleda, La Consulta, Los Sauces, Pareditas, San Jos\u00e9, Tupungato, Villa Bast\u00edas, Villa San Carlos, Vista Flores"
  },
  {
    "code": "2624",
    "jurisdiction": "Mendoza",
    "localities": "Uspallata, El Carmelo, El Salto, Las Carditas, Las Cuevas, Las Vegas, Los Penitentes, Manantiales, Piedras Blancas, Polvaredas, Potrerillos, Puente del Inca, Punta de Vacas, Valle del Sol, Villa El Refugio"
  },
  {
    "code": "2625",
    "jurisdiction": "Mendoza",
    "localities": "General Alvear, Barrio El Nevado, Bowen, Carmensa, Jaime Prats, Los Compartos, Punta del Agua, Real del Padre, Villa Atuel, Villa Atuel Norte"
  },
  {
    "code": "2626",
    "jurisdiction": "Mendoza",
    "localities": "La Paz, Desaguadero (parte), Villa Antigua"
  },
  {
    "code": "2646",
    "jurisdiction": "San Juan",
    "localities": "Villa San Agust\u00edn, Astica, Baldes del Rosario, Chucuma, Los Baldecitos, Usno"
  },
  {
    "code": "2647",
    "jurisdiction": "San Juan",
    "localities": "San Jos\u00e9 de J\u00e1chal, Angualasto, Bella Vista, Colola, El M\u00e9dano, Gran China, Huaco, Iglesia, La Falda, Las Flores, Mogna, Niquivil, Pampa Vieja, Pismanta, Rodeo, San Isidro, Tamber\u00edas, Tudcum, Villa Malvinas Argentinas, Villa Mercedes"
  },
  {
    "code": "2648",
    "jurisdiction": "San Juan",
    "localities": "Calingasta, Barreal, Tamber\u00edas, Villa Pituil"
  },
  {
    "code": "2651",
    "jurisdiction": "San Luis",
    "localities": "San Francisco del Monte de Oro, Candelaria, Luj\u00e1n, Nogol\u00ed, Quines"
  },
  {
    "code": "2652",
    "jurisdiction": "San Luis",
    "localities": "Balde, Beazley, Cazador, Chosmes, Jarilla, La Bajada, La Majada, Las Aguadas, Las Chacras, Las Lagunas, Leandro N. Alem, Mosmota, R\u00edo Juan G\u00f3mez, Potrero de los Funes (parte), Riocito, Salinas del Bebedero, San Mart\u00edn, Talita, Villa General Roca"
  },
  {
    "code": "2655",
    "jurisdiction": "San Luis",
    "localities": "La Toma, Juan Llerena, Las Vertientes, Paso Grande, Saladillo"
  },
  {
    "code": "2656",
    "jurisdiction": "San Luis",
    "localities": "Tilisarao, Carpinter\u00eda, Cerro de Oro, Concar\u00e1n, Cortaderas, Lafinur, Los Cajones, Los Molles, Merlo, Naschel, Papagayos, Renca, San Pablo, Santa Rosa de Conlara, Villa de Praga, Villa del Carmen, Villa Larca"
  },
  {
    "code": "2657",
    "jurisdiction": "San Luis",
    "localities": "Villa Mercedes, Fraga, Juan Jorba, Justo Daract, Lavaisse, San Jos\u00e9 del Morro, Villa Reynolds, Villa Salles"
  },
  {
    "code": "2658",
    "jurisdiction": "San Luis",
    "localities": "Buena Esperanza, Anchorena, Arizona, Bagual, Batavia, Fort\u00edn El Patria, Fortuna, La Maroma, Mart\u00edn de Loyola, Nahuel Map\u00e1, Navia, Nueva Galia, Uni\u00f3n"
  },
  {
    "code": "2901",
    "jurisdiction": "Tierra del Fuego",
    "localities": "Ushuaia, Lago Escondido, Tolhuin"
  },
  {
    "code": "2902",
    "jurisdiction": "Santa Cruz",
    "localities": "R\u00edo Turbio, El Calafate, El Turbio, Esperanza, Julia Dufour, Mina 3, Rospentek Aike, Veintiocho de Noviembre"
  },
  {
    "code": "2903",
    "jurisdiction": "Chubut",
    "localities": "R\u00edo Mayo, Aldea Beleiro, Doctor Ricardo Rojas, Facundo, Lago Blanco"
  },
  {
    "code": "2920",
    "jurisdiction": "R\u00edo Negro/Buenos Aires",
    "localities": "Viedma, Bah\u00eda Creek, Bah\u00eda San Blas, Balneario El C\u00f3ndor, Cardenal Cagliero, Carmen de Patagones, El Juncal, Guardia Mitre, Jos\u00e9 B. Casas, La Lober\u00eda, Los Pocitos, Loteo Costa de R\u00edo, Pozo Salado, San Javier, Stroeder, Villa Balnearia 7 de Marzo"
  },
  {
    "code": "2921",
    "jurisdiction": "Buenos Aires",
    "localities": "Coronel Dorrego, Aparicio, Balneario Pehuen-C\u00f3, Balneario Sauce Grande, El Perdido, Faro, Irene, Monte Hermoso, San Rom\u00e1n"
  },
  {
    "code": "2922",
    "jurisdiction": "Buenos Aires",
    "localities": "Coronel Pringles, El Divisorio, El Pensamiento, Frapal, Lartigau, Pontaut"
  },
  {
    "code": "2923",
    "jurisdiction": "Buenos Aires",
    "localities": "Pig\u00fc\u00e9, Arroyo Corto, Azopardo, Colonia San Mart\u00edn, Dufaur, Espartillar, Estela, Goyena, Puan, Saavedra, San Germ\u00e1n, Villa Castelar"
  },
  {
    "code": "2924",
    "jurisdiction": "Buenos AiresLa Pampa",
    "localities": "Darregueira, Bordenave, Guatrach\u00e9, San Miguel Arc\u00e1ngel, Santa Teresa, Villa Durcudoy (17 de Agosto)"
  },
  {
    "code": "2925",
    "jurisdiction": "Buenos Aires/La Pampa",
    "localities": "Villa Iris, Abramo, Bernasconi, Felipe Sol\u00e1, General San Mart\u00edn, Hucal, Jacinto Ar\u00e1uz, L\u00f3pez Lecube, Per\u00fa"
  },
  {
    "code": "2926",
    "jurisdiction": "Buenos Aires",
    "localities": "Coronel Su\u00e1rez, Cascada, Cura Malal, D'Orbigny, Pasman, San Jos\u00e9, Santa Mar\u00eda, Santa Trinidad"
  },
  {
    "code": "2927",
    "jurisdiction": "Buenos Aires",
    "localities": "M\u00e9danos, Argerich, Balneario Chapalc\u00f3, La Mascota, Nicol\u00e1s Levalle"
  },
  {
    "code": "2928",
    "jurisdiction": "Buenos Aires",
    "localities": "Pedro Luro, Hilario Ascasubi, Juan A. Pradere, Villalonga"
  },
  {
    "code": "2929",
    "jurisdiction": "Buenos Aires",
    "localities": "Guamin\u00ed, Arroyo Venado, Casbas, Garr\u00e9, Laguna Alsina"
  },
  {
    "code": "2931",
    "jurisdiction": "R\u00edo Negro/La Pampa",
    "localities": "R\u00edo Colorado, Anzoategui, Colonia Juli\u00e1 y Echarren, General Conesa, La Adela"
  },
  {
    "code": "2932",
    "jurisdiction": "Buenos Aires",
    "localities": "Punta Alta, Bajo Hondo, Villa del Mar, Villa General Arias"
  },
  {
    "code": "2933",
    "jurisdiction": "Buenos Aires",
    "localities": "Huanguel\u00e9n"
  },
  {
    "code": "2934",
    "jurisdiction": "R\u00edo Negro",
    "localities": "San Antonio Oeste, Aguada Cecilio, Arroyo de La Ventana, Arroyo Los Berros, Cona Niyeu, Las Grutas, Ministro Ramos Mex\u00eda, Nahuel Niyeu, Playas Doradas, Punta Colorada, San Antonio Este, Sierra Colorada, Sierra Grande, Sierra Pailem\u00e1n, Treneta, Valcheta, Yaminu\u00e9"
  },
  {
    "code": "2935",
    "jurisdiction": "Buenos Aires",
    "localities": "Rivera, Villa Maza"
  },
  {
    "code": "2936",
    "jurisdiction": "Buenos Aires",
    "localities": "Carhu\u00e9, Delf\u00edn Huergo, Esteban Agust\u00edn Gasc\u00f3n, La Pala, Thames, Yutuyaco"
  },
  {
    "code": "2940",
    "jurisdiction": "R\u00edo Negro",
    "localities": "Ingeniero Jacobacci, Aguada de Guerra, Clemente Onelli, Colan Conhue, Comallo, Comic\u00f3, El Ca\u00edn, Laguna Blanca, Las Bayas, Los Menucos, Maquinchao, Mina Santa Teresita, Ojos de Agua, Pilquiniyeu, Prahuaniyeu"
  },
  {
    "code": "2942",
    "jurisdiction": "Neuqu\u00e9n/R\u00edo Negro",
    "localities": "Zapala, Alumin\u00e9, Arroyito, Bajada del Agrio, Covunco Abajo, La Buitrera, Las Coloradas, Las Lajas, Los Catutos, Mari Menuco, Mariano Moreno, Naupa Huen, Paso Aguerre, Pic\u00fan Leuf\u00fa, Piedra del \u00c1guila, Ram\u00f3n M. Castro, Santo Tom\u00e1s, Villa Pehuenia"
  },
  {
    "code": "2945",
    "jurisdiction": "Chubut",
    "localities": "Esquel, Aldea Apeleg, Aldea Epulef, Alto R\u00edo Senguer, Buen Pasto, Buenos Aires Chico, Carrenleuf\u00fa, Cholila, Colan Conhu\u00e9, Corcovado, Cushamen, Doctor Atilio Oscar Viglione, El Mait\u00e9n, Epuy\u00e9n, Gobernador Costa, Gualjaina, Jos\u00e9 de San Mart\u00edn, Lago Epuy\u00e9n, Lago Rosario, Leleque, Los Cipreses, Paso del Sapo, R\u00edo Pico, Tecka, Trevelin, Villa Futalaufquen"
  },
  {
    "code": "2946",
    "jurisdiction": "R\u00edo Negro",
    "localities": "Choele Choel, Barrio Uni\u00f3n, Chelfor\u00f3, Chimpay, Coronel Belisle, Darwin, Lamarque, Luis Beltr\u00e1n, Pomona"
  },
  {
    "code": "2948",
    "jurisdiction": "Neuqu\u00e9n",
    "localities": "Chos Malal, Andacollo, Barrancas, Buta Ranquil, Caviahue, Chorriaca, Coyuco-Cochico, El Cholar, El Huec\u00fa, Huinganco, Las Ovejas, Loncopu\u00e9, Los Miches, Manzano Amargo, Sauzal Bonito, Taquimil\u00e1n, Termas de Copahue, Tricao Malal, Varvarco, Villa Cur\u00ed Leuv\u00fa, Villa del Nahueve"
  },
  {
    "code": "2952",
    "jurisdiction": "La Pampa",
    "localities": "General Acha, Chacharramendi, Colonia Santa Mar\u00eda, Cuchillo-C\u00f3, Gobernador Duval, La Reforma, Limay Mahuida, Puelches, Quehu\u00e9, Unanu\u00e9"
  },
  {
    "code": "2953",
    "jurisdiction": "La Pampa",
    "localities": "Macach\u00edn, Alpachiri, Doblas, General Manuel Campos, Miguel Riglos, Rol\u00f3n, Tom\u00e1s de Anchorena"
  },
  {
    "code": "2954",
    "jurisdiction": "La Pampa",
    "localities": "Santa Rosa, Anguil, Ataliva Roca, Cachirulo, Catril\u00f3, Lonquimay, Naic\u00f3, Toay, Uriburu"
  },
  {
    "code": "2962",
    "jurisdiction": "Santa Cruz",
    "localities": "Puerto San Juli\u00e1n, Comandante Luis Piedrabuena, El Chalt\u00e9n, Gobernador Gregores, Puerto Santa Cruz, Tres Lagos"
  },
  {
    "code": "2963",
    "jurisdiction": "Santa Cruz",
    "localities": "Perito Moreno, Bajo Caracoles, Lago Posadas, Los Antiguos"
  },
  {
    "code": "2964",
    "jurisdiction": "Tierra del Fuego",
    "localities": "R\u00edo Grande"
  },
  {
    "code": "2966",
    "jurisdiction": "Santa Cruz",
    "localities": "R\u00edo Gallegos"
  },
  {
    "code": "2972",
    "jurisdiction": "Neuqu\u00e9n",
    "localities": "San Mart\u00edn de los Andes, Jun\u00edn de los Andes, Villa Meliquina"
  },
  {
    "code": "2982",
    "jurisdiction": "Buenos Aires",
    "localities": "Orense, Balneario Orense, Claromec\u00f3, San Francisco de Bellocq"
  },
  {
    "code": "2983",
    "jurisdiction": "Buenos Aires",
    "localities": "Tres Arroyos, Adolfo Gonzales Chaves, Balneario Marisol, Balneario San Cayetano, Barrow, Copetonas, De la Garma, Dunamar, Indio Rico, Juan Eulogio Barra, Lin Calel, Micaela Cascallares, Ochand\u00edo, Oriente, Reta, San Cayetano, San Mayol, V\u00e1squez"
  },
  {
    "code": "3327",
    "jurisdiction": "Buenos Aires",
    "localities": "Benav\u00eddez, Ricardo Rojas"
  },
  {
    "code": "3329",
    "jurisdiction": "Buenos Aires",
    "localities": "San Pedro, Baradero, Gobernador Castro, La Violeta, Obligado, P\u00e9rez Mill\u00e1n, Portela Pueblo Doyle, R\u00edo Tala, Santa Coloma, Santa Luc\u00eda, Villa Alsina"
  },
  {
    "code": "3382",
    "jurisdiction": "Santa Fe/Buenos Aires/C\u00f3rdoba",
    "localities": "Rufino, Aar\u00f3n Castellanos, Amen\u00e1bar, Ca\u00f1ada Seca, Christophersen, Diego de Alvear, La Cesira, Leguizam\u00f3n, San Gregorio, Santa Regina, Villa Saboya"
  },
  {
    "code": "3385",
    "jurisdiction": "C\u00f3rdoba",
    "localities": "Laboulaye, General Levalle, Jovita, Melo, R\u00edo Bamba, Rosales, San Joaqu\u00edn, Serrano, Villa Rossi"
  },
  {
    "code": "3387",
    "jurisdiction": "C\u00f3rdoba",
    "localities": "Buchardo, Ital\u00f3, Onagoity"
  },
  {
    "code": "3388",
    "jurisdiction": "Buenos Aires",
    "localities": "General Villegas, Ameghino, Banderal\u00f3, Blaquier, Coronel Charlone, Emilio V. Bunge, Massey, Pichincha, Piedritas, Porvenir, Santa Eleodora, Tres Algarrobos, Timote, Villa Sauze"
  },
  {
    "code": "3400",
    "jurisdiction": "Santa Fe",
    "localities": "Villa Constituci\u00f3n, Barrio Arroyo del Medio, Barrio Mitre, Empalme Villa Constituci\u00f3n, Pav\u00f3n, Rueda, Theobald"
  },
  {
    "code": "3401",
    "jurisdiction": "Santa Fe",
    "localities": "El Tr\u00e9bol, Ca\u00f1ada Rosqu\u00edn, Carlos Pellegrini, Casas, Centeno, Las Bandurrias, Los Cardos, Mar\u00eda Susana, Piamonte, San Genaro, San Genaro Norte, "
  },
  {
    "code": "3402",
    "jurisdiction": "Santa Fe",
    "localities": "Arroyo Seco, Albarellos, \u00c1lvarez, Coronel Bogado, Coronel Rodolfo S. Dom\u00ednguez, Fighiera, General Lagos, Los Muchachos - La Alborada, Monte Flores, Pi\u00f1ero, Pueblo Esther, Puerto Arroyo Seco, Villa Amelia"
  },
  {
    "code": "3404",
    "jurisdiction": "Santa Fe",
    "localities": "San Carlos Centro, Campo Piaggio, Colonia Belgrano, G\u00e1lvez, Gessler, Larrechea, Loma Alta, L\u00f3pez, Pilar, Sa Pereira, San Carlos Norte, San Carlos Sud, San Eugenio, San Jer\u00f3nimo del Sauce, San Jer\u00f3nimo Norte, San Mariano, Santa Clara de Buena Vista, Santa Mar\u00eda Centro, Santa Mar\u00eda Norte, Wildermuth"
  },
  {
    "code": "3405",
    "jurisdiction": "Santa Fe",
    "localities": "San Javier, Alejandra, Cacique Ariacaiqu\u00edn, Cayast\u00e1, Colonia Masc\u00edas, Helvecia, La Brava, Los Zapallos, Saladero Mariano Cabal"
  },
  {
    "code": "3406",
    "jurisdiction": "Santa Fe",
    "localities": "San Jorge, Castelar, Crispi, Garibaldi, Landeta, Las Petacas, Mar\u00eda Juana, San Mart\u00edn de las Escobas, Sastre y Ortiz, Traill"
  },
  {
    "code": "3407",
    "jurisdiction": "Buenos Aires",
    "localities": "Ramallo, El Para\u00edso, Las Bahamas, Villa General Savio, Villa Ramallo"
  },
  {
    "code": "3408",
    "jurisdiction": "Santa Fe",
    "localities": "San Crist\u00f3bal, Aguar\u00e1 Grande, Balneario La Verde, Colonia La Clara, Capivara, Huanqueros, La Cabral, La Lucila, Las Avispas, \u00d1anducita, Santurce"
  },
  {
    "code": "3409",
    "jurisdiction": "Santa Fe",
    "localities": "Mois\u00e9s Ville, Colonia Bossi, Constanza, Las Palmeras, Monigotes, Palacios"
  },
  {
    "code": "3435",
    "jurisdiction": "Entre R\u00edos",
    "localities": "Nogoy\u00e1, Betbeder, Don Crist\u00f3bal Primero, Febre, Hern\u00e1ndez, Lucas Gonz\u00e1lez, XX de Setiembre"
  },
  {
    "code": "3436",
    "jurisdiction": "Entre R\u00edos",
    "localities": "Victoria, Antelo, Aranguren, Chilcas, Laguna del Pescado, Molino Doll, Rinc\u00f3n de Nogoy\u00e1"
  },
  {
    "code": "3437",
    "jurisdiction": "Entre R\u00edos",
    "localities": "La Paz, San Gustavo, Santa Elena"
  },
  {
    "code": "3438",
    "jurisdiction": "Entre R\u00edos",
    "localities": "Bovril, Colonia Avigdor, El Solar, Piedras Blancas, Sauce de Luna, Sir Leonard, Villa Alcaraz"
  },
  {
    "code": "3442",
    "jurisdiction": "Entre R\u00edos",
    "localities": "Concepci\u00f3n del Uruguay, Caseros, Colonia El\u00eda, Herrera, Pronunciamiento, Villa San Justo"
  },
  {
    "code": "3444",
    "jurisdiction": "Entre R\u00edos",
    "localities": "Gualeguay, Aldea Asunci\u00f3n, Distrito Sexto Costa de Nogoy\u00e1, Enrique Carb\u00f3, Estaci\u00f3n Lazo, General Galarza"
  },
  {
    "code": "3445",
    "jurisdiction": "Entre R\u00edos",
    "localities": "Rosario del Tala, Altamirano Sur, Arroyo Cl\u00e9, Basavilbaso, Estaci\u00f3n Gobernador Echag\u00fce, Estaci\u00f3n Gobernador Sola, Estaci\u00f3n L\u00edbaros, Gobernador Mansilla, Guardamonte, Las Guachas, Las Moscas, Maci\u00e1, Rocamora, Santa Anita, Villa Mantero, Villa San Marcial"
  },
  {
    "code": "3446",
    "jurisdiction": "Entre R\u00edos",
    "localities": "Gualeguaych\u00fa, Aldea San Antonio (Gualeguaych\u00fa), Aldea San Juan, Ceibas, Estaci\u00f3n Escri\u00f1a, Faustino M. Parera, General Almada, Gilbert, Irazusta, Larroque, M\u00e9danos, \u00d1ancay, Pastor Britos, Pueblo General Belgrano, Puerto Ibicuy, Rinc\u00f3n del Cinto, Rinc\u00f3n del Gato, Urdinarrain, Villa Paranacito"
  },
  {
    "code": "3447",
    "jurisdiction": "Entre R\u00edos",
    "localities": "Col\u00f3n, Arroyo Bar\u00fa, Colonia Hocker, Colonia San Anselmo y Aleda\u00f1as, La Clarita, Primero de Mayo, Pueblo Cazes, Pueblo Liebig, San Ernesto, San Jos\u00e9, Villa Elisa"
  },
  {
    "code": "3454",
    "jurisdiction": "Entre R\u00edos",
    "localities": "Federal, Conscripto Bernardi, El Cimarr\u00f3n, Nueva Vizcaya"
  },
  {
    "code": "3455",
    "jurisdiction": "Entre R\u00edos",
    "localities": "Villaguay, Durazno, Estaci\u00f3n Ra\u00edces, Ingeniero Sajaroff, Jubileo, Mojones Norte, Paso de la Laguna, Villa Clara, Villa Dom\u00ednguez"
  },
  {
    "code": "3456",
    "jurisdiction": "Entre R\u00edos",
    "localities": "Chajar\u00ed, Colonia Alemana, Colonia La Argentina, Colonia Pe\u00f1a, Colonia Santa Mar\u00eda, Federaci\u00f3n, La Florida, San Pedro, Santa Ana, Villa del Rosario"
  },
  {
    "code": "3458",
    "jurisdiction": "Entre R\u00edos",
    "localities": "San Jos\u00e9 de Feliciano, Estaci\u00f3n La Esmeralda, La Hierra, Los Conquistadores, San Jaime de la Frontera, San V\u00edctor"
  },
  {
    "code": "3460",
    "jurisdiction": "Santa Fe",
    "localities": "Santa Teresa, Ca\u00f1ada Rica, Cepeda, Godoy, Juan Bernab\u00e9 Molina, La Vanguardia, M\u00e1ximo Paz, Peyrano, Sargento Cabral, Stephenson"
  },
  {
    "code": "3462",
    "jurisdiction": "Santa Fe",
    "localities": "Venado Tuerto, Carmen, Chapuy, Elortondo, La Chispa, Lazzarino, Maggiolo, Mar\u00eda Teresa, Murphy, San Eduardo, San Francisco de Santa Fe, Sancti Spiritu, Santa Emilia (parte), Santa Isabel, Teodelina (parte), Villa Ca\u00f1\u00e1s"
  },
  {
    "code": "3463",
    "jurisdiction": "C\u00f3rdoba",
    "localities": "Canals, Aldea Santa Mar\u00eda, Gould, Colonia Bremen, Pueblo Italiano, San Severo, Viamonte"
  },
  {
    "code": "3464",
    "jurisdiction": "Santa Fe",
    "localities": "Casilda, Arequito, Bigand, Chab\u00e1s, Fuentes, Los Molinos, Pujato, Sanford, Villa Mugueta"
  },
  {
    "code": "3465",
    "jurisdiction": "Santa Fe",
    "localities": "Firmat, Alcorta, Berabev\u00fa, Bombal, Ca\u00f1ada del Ucle, Carreras, Chovet, G\u00f6deken, Labordeboy, Los Quirquinchos, Melincu\u00e9, Miguel Torres, Paraje El Jard\u00edn, Villa Estela, Villada"
  },
  {
    "code": "3466",
    "jurisdiction": "Santa Fe",
    "localities": "Barrancas, Arocena, Balneario Monje, Bernardo de Irigoyen, Casalegno, D\u00edaz, Monje, Paraje Comipini, Pueblo Irigoyen, Puerto Arag\u00f3n, San Fabi\u00e1n"
  },
  {
    "code": "3467",
    "jurisdiction": "C\u00f3rdoba/Santa Fe",
    "localities": "Cruz Alta, Arteaga, Colonia Veinticinco, Inriville, Los Nogales, Los Surgentes, Monte Buey, Saladillo, San Jos\u00e9 de la Esquina"
  },
  {
    "code": "3468",
    "jurisdiction": "C\u00f3rdoba/Santa Fe",
    "localities": "Corral de Bustos, Alejo Ledesma, Arias, Cafferata, Camilo Aldao, Cha\u00f1ar Ladeado, Colonia Barge, Capit\u00e1n General Bernardo O'Higgins, Cavanagh, Colonia Bismarck, Colonia Italiana, General Baldissera, Guatimoz\u00edn, Isla Verde, Monte Ma\u00edz, Wenceslao Escalante"
  },
  {
    "code": "3469",
    "jurisdiction": "Santa Fe",
    "localities": "Acebal, Arminda, Carmen del Sauce, Cuatro Esquinas, Pav\u00f3n Arriba, Pueblo Mu\u00f1oz, Pueblo Uranga"
  },
  {
    "code": "3471",
    "jurisdiction": "Santa Fe",
    "localities": "Ca\u00f1ada de G\u00f3mez, Armstrong, Berreta, Bouquet, Bustinza, Clason, Colonia Medici, Correa, Las Parejas, Las Rosas, Montes de Oca, Tortugas, Villa Elo\u00edsa"
  },
  {
    "code": "3472",
    "jurisdiction": "C\u00f3rdoba",
    "localities": "Marcos Ju\u00e1rez, General Roca, Leones, Noetinger, Saira, Villa Elisa"
  },
  {
    "code": "3476",
    "jurisdiction": "Santa Fe",
    "localities": "San Lorenzo, Aldao, Cicarelli, Clarke, Largu\u00eda, Lucio V. L\u00f3pez, Luis Palacios, Maciel Oliveros, Pueblo Andino, Puerto Gaboto, Puerto General San Mart\u00edn, Ricardone, Salto Grande, Serodino, Timb\u00faes, Totoras, Villa Elvira, Villa La Ribera"
  },
  {
    "code": "3482",
    "jurisdiction": "Santa Fe",
    "localities": "Reconquista, Arroyo Ceibal, Avellaneda, Berna, Ca\u00f1ada Omb\u00fa, Colonia Dur\u00e1n, El Araz\u00e1, El Rab\u00f3n, El Sombrerito, Florencia, Garabato, Guadalupe Norte, Ingeniero Chanourdie, Intiyaco, Kil\u00f3metro 115, La Isleta, La Sarita, Las Garzas, Las Toscas, Lanteri, Los Amores, Los Laureles, Los T\u00e1banos, Malabrigo, Nicanor Molinas Paraje San Manuel, Pozo de los Indios, Romang, San Antonio de Obligado, Tacuarend\u00ed, Tartagal, Villa Ana, Villa Guillermina, Villa Ocampo"
  },
  {
    "code": "3483",
    "jurisdiction": "Santa Fe",
    "localities": "Vera, Calchaqu\u00ed, Colmena, Fort\u00edn Olmos, Golondrina, La Gallareta, Margarita, Pueblo Santa Luc\u00eda, Toba"
  },
  {
    "code": "3487",
    "jurisdiction": "Buenos Aires",
    "localities": "Z\u00e1rate, Barrio Saavedra, Escalada, Gobernador Andonaegui, Lima"
  },
  {
    "code": "3489",
    "jurisdiction": "Buenos Aires",
    "localities": "Campana, Alto Los Cardales, Barrio Los Pioneros, Ingeniero R\u00f3mulo Otamendi, Lomas del R\u00edo Luj\u00e1n"
  },
  {
    "code": "3491",
    "jurisdiction": "Santa Fe/Santiago del Estero",
    "localities": "Ceres, Ambrosetti, Arruf\u00f3, Colonia Alpina, Colonia Ana, Curupaity, Esteban Rams, Gato Colorado, Gregoria P\u00e9rez de Denis, Hersilia, La Rubia, Logro\u00f1o, Montefiore, Pozo Borrado, San Bernardo, Santa Margarita, Tostado, Villa Minetti, Villa Trinidad"
  },
  {
    "code": "3492",
    "jurisdiction": "Santa Fe",
    "localities": "Rafaela, Ang\u00e9lica, Aurelia, Bauer y Sigel, Bella Italia, Castellanos, Colonia Cello, Colonia Margarita, Coronel Fraga, Egusquiza, Esmeralda, Estaci\u00f3n Clucellas, Eustolia, Josefina, Lehmann, Nueva Lehmann, Plaza Clucellas, Plaza Saguier, Presidente Roca, Pueblo Marini, Ramona, San Antonio, San Vicente, Santa Clara de Saguier, Susana, Vila, Villa San Jos\u00e9"
  },
  {
    "code": "3493",
    "jurisdiction": "Santa Fe",
    "localities": "Sunchales, Aldao, Ataliva, Colonia Bicha, Colonia Raquel, Colonia Tacurales, Eusebia y Carolina, Galisteo, Humberto Primo, Tacural, Virginia"
  },
  {
    "code": "3496",
    "jurisdiction": "Santa Fe",
    "localities": "Esperanza, Colonia Cavour, Felicia, Grutly, Humboldt, Ituzaing\u00f3, Nuevo Torino, Pujato Norte, Rivadavia"
  },
  {
    "code": "3497",
    "jurisdiction": "Santa Fe",
    "localities": "Llambi Campbell, Culul\u00fa, Emilia, Hipat\u00eda, Jacinto L. Ar\u00e1uz, La Pelada, Mar\u00eda Luisa, Progreso, Providencia, Santo Domingo, Sarmiento"
  },
  {
    "code": "3498",
    "jurisdiction": "Santa Fe",
    "localities": "San Justo, Angeloni, Cayastacito, Colonia Esther, Colonia Dolores, Colonia Silva, Elisa, Gobernador Crespo, La Camila, La Criolla, La Penca y Caraguat\u00e1, Marcelino Escalada, Nar\u00e9, Pedro G\u00f3mez Cello, Ramay\u00f3n, San Bernardo (San Justo), San Mart\u00edn Norte, Soledad, Vera y Pintado, Videla, Villa Saralegui"
  },
  {
    "code": "3521",
    "jurisdiction": "C\u00f3rdoba",
    "localities": "De\u00e1n Funes, Caminiaga, Chu\u00f1a, Copacabana, El Tuscal, Los Pozos, Lucio V. Mansilla, Quilino, San Jos\u00e9 de La Dormida, San Jos\u00e9 de Las Salinas, San Pedro de Toyos, San Pedro Norte, Villa Quilino, Villa Tulumba"
  },
  {
    "code": "3522",
    "jurisdiction": "C\u00f3rdoba",
    "localities": "Villa de Mar\u00eda, Cerro Colorado, Cha\u00f1ar Viejo, Chu\u00f1a Huasi, Churqui Ca\u00f1ada, El Rodeo, Eufrasio Loza, Gutemberg, La Rinconada, Las Arrias, Los Hoyos, Pozo Nuevo, Puesto de Castro, Rayo Cortado, Rosario del Saladillo, San Francisco del Cha\u00f1ar, Santa Elena, Sebastian Elcano, Villa Candelaria Norte"
  },
  {
    "code": "3524",
    "jurisdiction": "C\u00f3rdoba",
    "localities": "Villa del Totoral, Avellaneda, Capilla de Sit\u00f3n, Las Pe\u00f1as, Simbolar, Villa Guti\u00e9rrez"
  },
  {
    "code": "3525",
    "jurisdiction": "C\u00f3rdoba",
    "localities": "Jes\u00fas Mar\u00eda, Agua de Oro, Ascochinga, Candelaria Sud, Canteras El Sauce, Ca\u00f1ada de Luque, Ca\u00f1ada de R\u00edo Pinto, Colonia Caroya, Colonia Vicente Ag\u00fcero, El Manzano, Estaci\u00f3n General Paz, La Granja, La Pampa, La Paz, Los Mistoles, Los Molles, La Puerta, Santa Catalina, Sarmiento, Sinsacate, Tinoco, Villa Cerro Azul"
  },
  {
    "code": "3532",
    "jurisdiction": "C\u00f3rdoba",
    "localities": "Oliva, Calch\u00edn Oeste, Colazo, Colonia Almada, Colonia Videla, Las Junturas, Pampayasta Norte, Pampayasta Sud"
  },
  {
    "code": "3533",
    "jurisdiction": "C\u00f3rdoba",
    "localities": "Las Varillas, Alicia, El Ara\u00f1ado, El Fort\u00edn, Las Varas, Sacanta, Saturnino Mar\u00eda Laspiur, Villa San Esteban"
  },
  {
    "code": "3537",
    "jurisdiction": "C\u00f3rdoba",
    "localities": "Bell Ville, Alto Alegre, Chilibroste, Cintra, Idiaz\u00e1bal, Justiniano Posse, Laborde, Monte Le\u00f1a, Morrison, Ord\u00f3\u00f1ez, San Antonio de Lit\u00edn, San Marcos Sud, Villa Los Patos"
  },
  {
    "code": "3541",
    "jurisdiction": "C\u00f3rdoba",
    "localities": "Villa Carlos Paz, Bialet Mass\u00e9, Cabalango, Cosqu\u00edn, Cuesta Blanca, Estancia Vieja, Las Jarillas, Mall\u00edn, Mayu Sumaj, San Antonio de Arredondo, San Jos\u00e9 de los R\u00edos, San Nicol\u00e1s, San Roque, Santa Mar\u00eda de Punilla, Tala Huasi, Tanti, Villa Flor Serrana, Villa Icho Cruz, Villa Independencia, Villa Lago Azul, Villa Parque Siquiman, Villa Santa Cruz del Lago"
  },
  {
    "code": "3542",
    "jurisdiction": "C\u00f3rdoba",
    "localities": "Salsacate, \u00c1mbul, Chancan\u00ed, Ci\u00e9naga del Coro, Estancia de Guadalupe, Guasapampa, La Higuera, La Playa, Las Palmas, Los Talares, Mussi, San Carlos Minas, San Ger\u00f3nimo, Tala Ca\u00f1ada, Talaini, Taninga, Tosno, Villa de Pocho"
  },
  {
    "code": "3543",
    "jurisdiction": "C\u00f3rdoba",
    "localities": "C\u00f3rdoba (Arg\u00fcello), Casa Bamba, El Diquecito, La Calera, Mendiolaza, Pajas Blancas, R\u00edo Ceballos, Sald\u00e1n, Salsipuedes, Unquillo, Villa Allende"
  },
  {
    "code": "3544",
    "jurisdiction": "C\u00f3rdoba",
    "localities": "Villa Dolores, Arroyo de Los Patos, Conlara, Cruz Ca\u00f1a, Dos Arroyos, El Huayco, El Pantanillo, La Paz, La Poblaci\u00f3n, La Ramada, La Traves\u00eda, Las Calles, Las Rabonas, Las Tapias, Los Callejones, Los Cerrillos, Los Hornillos, Los Molles, Los Romeros, Luyaba, Mina Clavero, Nono, Panaholma, Quebrada de los Pozos, San Huberto, San Javier/Yacanto, San Jos\u00e9, San Lorenzo, San Mart\u00edn, San Pedro, San Vicente, Sauce Arriba, Villa Cura Brochero, Villa de Las Rosas, Villa La Vi\u00f1a, Villa Sarmiento"
  },
  {
    "code": "3546",
    "jurisdiction": "C\u00f3rdoba",
    "localities": "Santa Rosa de Calamuchita, Amboy, Arroyo San Antonio, Ca\u00f1ada del Sauce, Capilla Vieja, El Corcovado - El Torre\u00f3n, El Durazno, La Cruz, La Cumbrecita, Los Reartes, Lutti, Parque Calmayo, San Ignacio, Villa Alpina, Villa Amancay, Villa Berna, Villa Ciudad Parque Los Reartes, Villa del Dique, Villa General Belgrano, Villa La Rivera, Villa Rumipal, Villa Quillinzo, Villa Yacanto"
  },
  {
    "code": "3547",
    "jurisdiction": "C\u00f3rdoba",
    "localities": "Alta Gracia, Anisacate, Costa Azul, Despe\u00f1aderos, Dique Chico, Falda del Ca\u00f1ete, Falda del Carmen Jos\u00e9 de la Quintana, La Boca del R\u00edo, La Paisanita, La Rancherita, La Serranita, Las Quintas, Los Cedros, Los Molinos, Monte Ralo, Potrero de Garay, Rafael Garc\u00eda, San Agust\u00edn, San Clemente, Solar de los Molinos, Valle Alegre, Valle de Anisacate, Villa Ciudad de Am\u00e9rica, Villa del Prado, Villa La Bolsa, Villa Los Aromos, Villa Parque Santa Ana, Villa San Isidro, Villa San Miguel"
  },
  {
    "code": "3548",
    "jurisdiction": "C\u00f3rdoba",
    "localities": "La Falda, Capilla del Monte, Casa Grande, Charbonier, Cruz Chica, Cruz Grande, Dolores, Huerta Grande, La Cumbre, Las Ca\u00f1adas, Los Cocos, Quebrada de Luna, San Esteban, Valle Hermoso, Villa Giardino"
  },
  {
    "code": "3549",
    "jurisdiction": "C\u00f3rdoba",
    "localities": "Cruz del Eje, Alto de los Quebrachos, Ba\u00f1ado de Soto, Canteras Quilpo, Cruz de Ca\u00f1a, El Brete, El Chacho, El Rinc\u00f3n, Guanaco Muerto, La Banda, La Batea, Las Playas, Los Cha\u00f1aritos, Media Naranja, Olivares de San Nicol\u00e1s, Paso Viejo, San Marcos Sierras, Serrezuela, Tuclame, Villa de Soto"
  },
  {
    "code": "3562",
    "jurisdiction": "C\u00f3rdoba/Santa Fe",
    "localities": "Morteros, Altos de Chipi\u00f3n, Brinkmann, Colonia Diez de Julio, Colonia Dos Rosas y La Legua, Colonia Rosa, Colonia San Pedro, Colonia Valtelina, La Paquita, Monte Oscuridad, San Guillermo, Suardi"
  },
  {
    "code": "3563",
    "jurisdiction": "C\u00f3rdoba",
    "localities": "Balnearia, Marull, Miramar, Trinchera"
  },
  {
    "code": "3564",
    "jurisdiction": "C\u00f3rdoba/Santa Fe",
    "localities": "San Francisco, Barrios Acapulco y Veracruz, Colonia Anita, Colonia Iturraspe, Colonia Marina, Colonia Prosperidad, Colonia San Bartolom\u00e9, Colonia Santa Mar\u00eda, Colonia Vignaud, Devoto, Estaci\u00f3n Luxardo, Freyre, Frontera, La Francia, Plaza Luxardo, Plaza San Francisco, Porte\u00f1a, Quebracho Herrado, Seeber, Villa Josefina, Zen\u00f3n Pereyra"
  },
  {
    "code": "3571",
    "jurisdiction": "C\u00f3rdoba",
    "localities": "R\u00edo Tercero, Almafuerte, Corralito, Embalse, General Fotheringham, Las Bajadas, Los C\u00f3ndores, Segunda Usina, Tancacha, Villa Ascasubi"
  },
  {
    "code": "3572",
    "jurisdiction": "C\u00f3rdoba",
    "localities": "R\u00edo Segundo, Costa Sacate, Impira, Laguna Larga, Lozada, Manfredi, Oncativo, Pilar"
  },
  {
    "code": "3573",
    "jurisdiction": "C\u00f3rdoba",
    "localities": "Villa del Rosario, Calch\u00edn, Capilla del Carmen, Luque, Matorrales, Rinc\u00f3n"
  },
  {
    "code": "3574",
    "jurisdiction": "C\u00f3rdoba",
    "localities": "R\u00edo Primero, Ca\u00f1ada de Machado, Capilla de los Remedios, Colonia Las Cuatro Esquinas, Comechingones, El Alcalde, El Crisp\u00edn, Esquina, Kil\u00f3metro 658, Monte del Rosario, Piquill\u00edn, Sagrada Familia, Santa Rosa de R\u00edo Primero, Santiago Temple"
  },
  {
    "code": "3575",
    "jurisdiction": "C\u00f3rdoba",
    "localities": "La Puerta, Atahona, Chalacea, Diego de Rojas, La Para, La Posta, La Quinta, Las Saladas, Maquinista Gallini, Obispo Trejo, Plaza de Mercedes, Villa Fontana"
  },
  {
    "code": "3576",
    "jurisdiction": "C\u00f3rdoba",
    "localities": "Arroyito, Colonia Las Pichanas, Los Cha\u00f1aritos, El Fuertecito, El T\u00edo, La Tordilla, Las Gramillas, Tr\u00e1nsito, Toro Pujio, Villa Concepci\u00f3n del T\u00edo, Villa del Tr\u00e1nsito, Villa Vaudagna"
  },
  {
    "code": "3582",
    "jurisdiction": "C\u00f3rdoba/San Luis",
    "localities": "Sampacho, Achiras, Bulnes, Chaj\u00e1n, Coronel Moldes, La Punilla, Malena, Suco"
  },
  {
    "code": "3583",
    "jurisdiction": "C\u00f3rdoba",
    "localities": "Vicu\u00f1a Mackenna, Del Campillo, La Cautiva, Mattaldi, Nicol\u00e1s Bruzzone, Tosquita, Villa Sarmiento, Villa Valeria, Washington"
  },
  {
    "code": "3584",
    "jurisdiction": "C\u00f3rdoba",
    "localities": "La Carlota, Assunta, El Rastreador, Huanchillas, Los Cisnes, Pacheco de Melo, Santa Eufemia"
  },
  {
    "code": "3585",
    "jurisdiction": "C\u00f3rdoba",
    "localities": "Adelia Mar\u00eda, Monte de Los Gauchos, San Basilio"
  },
  {
    "code": "3711",
    "jurisdiction": "Formosa",
    "localities": "Ingeniero Ju\u00e1rez, El Potrillo, General Mosconi, Laguna Yema, Los Chiriguanos, Pozo de Maza, Pozo del Mortero"
  },
  {
    "code": "3715",
    "jurisdiction": "Formosa/Chaco",
    "localities": "Las Lomitas, El Espinillo, El Sauzal, El Sauzalito, Fuerte Esperanza, Misi\u00f3n Nueva Pompeya, Pozo del Tigre, Wich\u00ed - El Pintado"
  },
  {
    "code": "3716",
    "jurisdiction": "Formosa",
    "localities": "Comandante Fontana, Bartolom\u00e9 de las Casas, Colonia Sarmiento, El Recreo, Estanislao del Campo, Fort\u00edn Leyes, Fort\u00edn Lugones, General Manuel Belgrano, Ibarreta, Juan G. Baz\u00e1n, Posta Cambio Zalazar, San Mart\u00edn 1, San Mart\u00edn 2, Villa General G\u00fcemes"
  },
  {
    "code": "3718",
    "jurisdiction": "Formosa",
    "localities": "Clorinda, Buena Vista, El Espinillo, Laguna Blanca, Laguna Naick Neck, Misi\u00f3n Tacaagl\u00e9, Palma Sola, Port\u00f3n Negro, Puerto Pilcomayo, Riacho He-H\u00e9, Riacho Negro, Siete Palmas, Tres Lagunas"
  },
  {
    "code": "3721",
    "jurisdiction": "Chaco",
    "localities": "Charadai, Cote Lai, La Sabana"
  },
  {
    "code": "3725",
    "jurisdiction": "Chaco",
    "localities": "General Jos\u00e9 de San Mart\u00edn, Capit\u00e1n Solari, Ciervo Petiso, Colonias Unidas, La Eduvigis, Laguna Limpia, Las Garcitas, Pampa Almir\u00f3n, Pampa del Indio, Presidencia Roca, Selvas del R\u00edo de Oro"
  },
  {
    "code": "3731",
    "jurisdiction": "Chaco",
    "localities": "Charata, Corzuela, Fort\u00edn Las Chu\u00f1as, Gancedo, General Capdevila, General Pinedo, Las Bre\u00f1as, Mes\u00f3n de Fierro, Pampa Landriel"
  },
  {
    "code": "3734",
    "jurisdiction": "Chaco",
    "localities": "Presidencia de la Plaza, Colonia Elisa, Ingeniero Barbet, Machagai, Napalp\u00ed"
  },
  {
    "code": "3735",
    "jurisdiction": "Chaco",
    "localities": "Villa \u00c1ngela, Chorotis, Coronel Du Graty, Enrique Uri\u00e9n, Hermoso Campo, It\u00edn, La Clotilde, Pueblo Clodomiro D\u00edaz, Samuh\u00fa, San Bernardo, Santa Sylvina, Venados Grandes, Villa Berthet"
  },
  {
    "code": "3741",
    "jurisdiction": "Misiones",
    "localities": "Bernardo de Irigoyen, Dos Hermanas, San Antonio"
  },
  {
    "code": "3743",
    "jurisdiction": "Misiones",
    "localities": "Puerto Rico, Capiov\u00ed, Colonia Polana, Garuhap\u00e9, Garuhap\u00e9-Mi, Jard\u00edn Am\u00e9rica, Mbopicu\u00e1, Oasis, Puerto Leoni, Puerto Mineral, Ruiz de Montoya, San Alberto, San Gotardo, San Ignacio, Villa Akerman"
  },
  {
    "code": "3751",
    "jurisdiction": "Misiones",
    "localities": "Eldorado, Caraguatay, Colonia Delicia, Colonia Victoria, Cruce Caballero, El Alc\u00e1zar, Fracr\u00e1n, Laharrague, Montecarlo, Nueve de Julio, Nueve de Julio Kil\u00f3metro 20, El Alc\u00e1zar, Pi\u00f1alito Sur, Piray Kil\u00f3metro 18, Puerto Mado, Puerto Pinares, Puerto Piray, San Pedro, Santiago de Liniers, Tarum\u00e1, Tobuna, Valle Hermoso, Villa Parodi, Villa Roulet"
  },
  {
    "code": "3754",
    "jurisdiction": "Misiones",
    "localities": "Leandro N. Alem, Arroyo del Medio, Dos Arroyos, Gobernador L\u00f3pez, Itacaruar\u00e9, Moj\u00f3n Grande, Olegario V\u00edctor Andrade, Panamb\u00ed, Panamb\u00ed Kil\u00f3metro 8, San Javier"
  },
  {
    "code": "3755",
    "jurisdiction": "Misiones",
    "localities": "Ober\u00e1, Alba Posse, Almafuerte, Arist\u00f3bulo del Valle, Barrio Bernardino Rivadavia, Ca\u00e1 Yar\u00ed, Cami\u00f3n Cue, Campo Grande, Campo Ram\u00f3n, Campo Viera, Colonia Alberdi, Colonia Alicia, Colonia Aurora, Dos de Mayo, El Soberbio, El Salto Florentino Ameghino, General Alvear, Guaran\u00ed, Los Helechos, Kil\u00f3metro 17, Pueblo Illia, San Francisco de As\u00eds, San Mart\u00edn, San Vicente, Santa Rita, Torta Quemada, 25 de Mayo, Villa Bonita, Villa Salto Encantado"
  },
  {
    "code": "3756",
    "jurisdiction": "Corrientes",
    "localities": "Santo Tom\u00e9, Garab\u00ed, Garruchos, Gobernador Virasoro"
  },
  {
    "code": "3757",
    "jurisdiction": "Misiones",
    "localities": "Puerto Iguaz\u00fa, Colonia Helvecia, Comandante Andresito, Gobernador Lanusse, Integraci\u00f3n, Puerto Esperanza, Puerto Libertad, Wanda"
  },
  {
    "code": "3758",
    "jurisdiction": "Misiones/Corrientes",
    "localities": "Ap\u00f3stoles, Azara, Barra Concepci\u00f3n, Barrio Rural, Colonia Liebig, Concepci\u00f3n de la Sierra, La Corita, Pindapoy, Puerto Azara, San Carlos, San Jos\u00e9, Santa Mar\u00eda, Tres Capones"
  },
  {
    "code": "3772",
    "jurisdiction": "Corrientes",
    "localities": "Paso de los Libres, Alvear, Bonpland, Estaci\u00f3n Torrent, Guavirav\u00ed, La Cruz, Parada Pucheta, Tapebicu\u00e1, Yapey\u00fa"
  },
  {
    "code": "3773",
    "jurisdiction": "Corrientes",
    "localities": "Mercedes, Chavarr\u00eda, Colonia Carlos Pellegrini, Felipe Yofre, Mariano I. Loza, Perugorr\u00eda"
  },
  {
    "code": "3774",
    "jurisdiction": "Corrientes",
    "localities": "Curuz\u00fa Cuati\u00e1, Cazadores Correntinos, Sauce"
  },
  {
    "code": "3775",
    "jurisdiction": "Corrientes",
    "localities": "Monte Caseros, Colonia Libertad, Estaci\u00f3n Libertad, Juan Pujol, Labougle, Mocoret\u00e1, Parada Acu\u00f1a"
  },
  {
    "code": "3777",
    "jurisdiction": "Corrientes",
    "localities": "Goya, Bella Vista, Colonia Carolina, Colonia Pando, Cruz de los Milagros, Esquina, Gobernador Juan E. Mart\u00ednez, Lavalle, Nueve de Julio, Pedro R. Fern\u00e1ndez, Pueblo Libertador, San Isidro, San Roque, Santa Luc\u00eda, Tres de Abril, Villa C\u00f3rdoba, Yatay T\u00ed Calle"
  },
  {
    "code": "3781",
    "jurisdiction": "Corrientes",
    "localities": "Ca\u00e1 Cat\u00ed, Ber\u00f3n de Astrada, It\u00e1 Ibat\u00e9, Lomas de Vallejos, Loreto, Palmar Grande, San Miguel, Tacuaral, Yahap\u00e9"
  },
  {
    "code": "3782",
    "jurisdiction": "Corrientes",
    "localities": "Saladas, Colonia Santa Rosa, Concepci\u00f3n, Mburucuy\u00e1, Pago de los Deseos, San Lorenzo, Tabay, Tatacu\u00e1"
  },
  {
    "code": "3786",
    "jurisdiction": "Corrientes",
    "localities": "Ituzaing\u00f3, San Antonio, Villa Olivari"
  },
  {
    "code": "3821",
    "jurisdiction": "La Rioja",
    "localities": "Chepes, Desiderio Tello, Ulapes"
  },
  {
    "code": "3825",
    "jurisdiction": "La Rioja",
    "localities": "Chilecito, Aicu\u00f1a, Alto Carrizal, Anguin\u00e1n, Angulos, Antinaco, Bajo Carrizal, Banda Florida, Campanas, Cha\u00f1armuyo, Colonia Anguin\u00e1n, Colonia Catinzaco, Colonia Malligasta, Colonia Vichigasta, Famatina, Guanch\u00edn, Guandacol, Jag\u00fc\u00e9, La Cuadra, La Puntilla, Los Palacios, Los Sarmientos, Malligasta, Miranda, Nonogasta, Pagancillo, Pituil, Plaza Vieja, Punta de Agua, San Miguel, San Nicol\u00e1s, Santa Clara, Santa Cruz, Santa Florentina, Santo Domingo, Sa\u00f1ogasta, Tilimuqui, Vichigasta, Villa Castelli, Villa San Jos\u00e9 de Vinchina, Villa Uni\u00f3n"
  },
  {
    "code": "3826",
    "jurisdiction": "La Rioja",
    "localities": "Chamical, Ambil, Castro Barros, Cha\u00f1ar, Colonia Ortiz de Ocampo, Loma Blanca, Malanz\u00e1n, Milagro, N\u00e1cate, Olpas, Olta, Polco, Portezuelo, San Antonio, Villa Santa Rita de Catuna"
  },
  {
    "code": "3827",
    "jurisdiction": "La Rioja",
    "localities": "Aimogasta, Agua Blanca, Alpasinche, Aminga, Amuschinas, Andolucas, Anillaco, Anjull\u00f3n, Arauco, Ba\u00f1ado de los Pantanos, Chaupihuasi, Chuquis, Cuip\u00e1n, Estaci\u00f3n Maz\u00e1n, Las Talas, Los Molinos, Los Robles, Machigasta, Pinchas, Salicas, San Antonio, San Blas, San Pedro, Santa Vera Cruz, Shaqui, Suriyaco, Termas de Santa Teresita, Tuyubil, Villa Maz\u00e1n"
  },
  {
    "code": "3832",
    "jurisdiction": "Catamarca/Santiago del Estero",
    "localities": "Recreo, Casa de Piedra, El Aybal, El Ba\u00f1ado, El Divisadero, El Quimilo, Esqui\u00fa, Ica\u00f1o, La Dorada, Las Esquinas, La Guardia, Las Palmitas, Quir\u00f3s, Ramblones, San Antonio de La Paz"
  },
  {
    "code": "3835",
    "jurisdiction": "Catamarca",
    "localities": "Andalgal\u00e1, Aconquija, Alto de las Juntas, Amanao, Antofagasta de la Sierra, Antofalla, Apoyaco, Barranca Larga, Bel\u00e9n, Buena Vista, Chaquiago, Choya, Colana, Colpes (Pom\u00e1n), C\u00f3ndor Huasi, Corral Quemado, El Alamito, El Durazno, El Lindero, El Pajonal, El Pe\u00f1\u00f3n, El Potrero, Farall\u00f3n Negro, Hualf\u00edn, Jacipunco, Joyango, La Aguada, La Puntilla, Las Juntas, Londres, Los Nacimientos (Antofagasta de la Sierra), Los Nacimientos (Bel\u00e9n), Mutqu\u00edn, Pozo de la Piedra, Puerta de Corral Quemado, Puerta de San Jos\u00e9, Rinc\u00f3n, San Miguel, Saujil, Sij\u00e1n, Villa de Pom\u00e1n, Villa Vil"
  },
  {
    "code": "3837",
    "jurisdiction": "Catamarca",
    "localities": "Tinogasta, Anillaco, Antinaco, Banda de Lucero, Cerro Negro, Copacabana, Cordobita, Costa de Reyes, El Pueblito, El Puesto (Tinogasta), El Salado, Fiambal\u00e1, La Puntilla (Tinogasta), La Ramadita, Los Balverdi, Medanitos, Palo Blanco, Pampa Blanca, Punta del Agua, Santa Rosa, Saujil (Tinogasta), Tat\u00f3n"
  },
  {
    "code": "3838",
    "jurisdiction": "Catamarca",
    "localities": "Santa Mar\u00eda, Andalhual\u00e1, Casa de Piedra, Caspichango, Cha\u00f1ar Punco, El Caj\u00f3n, El Cerrito, El Desmonte, El Puesto, Famatanca, Fuerte Quemado, La Hoyada, La Loma, La Puntilla, Lampacito, Las Mojarras, Loro Huasi, Medanitos, Ovejer\u00eda, Palo Seco, Punta de Balasto, San Jos\u00e9, San Jos\u00e9 Banda, San Jos\u00e9 Norte, San Jos\u00e9 Villa, Yapes"
  },
  {
    "code": "3841",
    "jurisdiction": "Santiago del Estero",
    "localities": "Monte Quemado, Coronel Rico, Los Pirpintos, Pampa de los Guanacos, Sach\u00e1yoj"
  },
  {
    "code": "3843",
    "jurisdiction": "Santiago del Estero",
    "localities": "Quimil\u00ed, Las Tinajas, Roversi, Weisburd"
  },
  {
    "code": "3844",
    "jurisdiction": "Santiago del Estero",
    "localities": "A\u00f1atuya, Aver\u00edas, Colonia Dora, Estaci\u00f3n Taca\u00f1itas, Garza, Herrera, Ica\u00f1o, Lugones, Real Sayana, Tom\u00e1s Young, Villa Salavina"
  },
  {
    "code": "3845",
    "jurisdiction": "Santiago del Estero",
    "localities": "Loreto, Brea Pozo, Estaci\u00f3n Atamisqui, Medell\u00edn, Nueva Francia, Sumamao, Villa Atamisqui, Villa Sil\u00edpica"
  },
  {
    "code": "3846",
    "jurisdiction": "Santiago del Estero",
    "localities": "Tintina, Campo Gallo, Hasse, Hern\u00e1n Mej\u00eda Miraval, Libertad, Lilo Viejo, Patay"
  },
  {
    "code": "3854",
    "jurisdiction": "Santiago del Estero",
    "localities": "Fr\u00edas, Ancaj\u00e1n, Choya, Estaci\u00f3n La Punta, Laprida, Lavalle (parte), San Pedro de Choya, San Pedro de Guasay\u00e1n (parte), Tapso (parte), Villa La Punta"
  },
  {
    "code": "3855",
    "jurisdiction": "Santiago del Estero",
    "localities": "Suncho Corral, Bandera Bajada, El Cuadrado, La Ca\u00f1ada, Matar\u00e1, Vilelas"
  },
  {
    "code": "3856",
    "jurisdiction": "Santiago del Estero",
    "localities": "Villa Ojo de Agua, Chilca Juliana, Los Telares, Ram\u00edrez de Velazco, Sol de Julio, Sumampa, Sumampa Viejo"
  },
  {
    "code": "3857",
    "jurisdiction": "Santiago del Estero",
    "localities": "Bandera, Fort\u00edn Inca, Guardia Escolta, Los Jur\u00edes, Malbr\u00e1n, Palo Negro, Pinto, Selva"
  },
  {
    "code": "3858",
    "jurisdiction": "Santiago del Estero",
    "localities": "Termas de R\u00edo Hondo, Chauchillas, Colonia Tinco, El Charco, Gramilla, Pozo Hondo, Pozuelos, Villa R\u00edo Hondo, Vinar\u00e1"
  },
  {
    "code": "3861",
    "jurisdiction": "Santiago del Estero",
    "localities": "Nueva Esperanza, El Moj\u00f3n, Las Delicias, Pozo Betbeder, Rapelli"
  },
  {
    "code": "3862",
    "jurisdiction": "Tucum\u00e1n",
    "localities": "Trancas, Choromoro, San Pedro de Colalao"
  },
  {
    "code": "3863",
    "jurisdiction": "Tucum\u00e1n",
    "localities": "Monteros, Acheral, Atahona, Barrio Casa Rosada, Campo de Herrera, Capit\u00e1n C\u00e1ceres, Famaill\u00e1, Ingenio Fronterita, LA Reducci\u00f3n, Los Puestos, Monteagudo, Nueva Baviera, R\u00edo Colorado, R\u00edo Seco, Santa Luc\u00eda, Santa Rosa de Leales, Santa Rosa y Los Rojo, Sargento Moya, Simoca, Soldado Maldonado, Teniente Berdina, Villa Chicligasta, Villa de Leales, Villa Quinteros, Yerba Buena (Simoca)"
  },
  {
    "code": "3865",
    "jurisdiction": "Tucum\u00e1n",
    "localities": "Concepci\u00f3n, Aguilares, Alpachiri, Alto Verde, Arcadia, Ingenio La Trinidad, Juan Bautista Alberdi, La Cocha, Los Sarmientos, Medinas, Rumi Punco, San Jos\u00e9 de la Cocha, Santa Ana, Villa Belgrano"
  },
  {
    "code": "3867",
    "jurisdiction": "Tucum\u00e1n",
    "localities": "Taf\u00ed del Valle, El Mollar"
  },
  {
    "code": "3868",
    "jurisdiction": "Salta",
    "localities": "Cafayate, Angastaco, Animan\u00e1, Cachi, Cobres, El Barrial, La Poma, La Puerta, Molinos, Payogasta, San Carlos, Santa B\u00e1rbara, Seclant\u00e1s, Tolomb\u00f3n"
  },
  {
    "code": "3869",
    "jurisdiction": "Tucum\u00e1n",
    "localities": "Ranchillos y San Miguel, Colonia Mayo, Las Cejas, Los Ralos, Villa Rescate, Villa Tercera"
  },
  {
    "code": "3873",
    "jurisdiction": "Salta",
    "localities": "Tartagal, Aguaray, Alto de la Sierra, Campamento Vespucio, Campo Dur\u00e1n, Capiazuti, Coronel Cornejo, General Ballivi\u00e1n, General Mosconi, Misi\u00f3n Kil\u00f3metro 6, Pacar\u00e1, Piquirenda, Recaredo, Salvador Mazza, Santa Mar\u00eda, Santa Victoria Este, Tobantirenda, Tranquitas, Yacuy"
  },
  {
    "code": "3876",
    "jurisdiction": "Salta",
    "localities": "San Jos\u00e9 de Met\u00e1n, Antilla, Copo Quile, El Galp\u00f3n, El Jard\u00edn, El Naranjo, El Potrero, El Tala, El Tunal, La Candelaria, Lumbreras, Met\u00e1n Viejo, Presa El Tunal, R\u00edo Piedras, Rosario de la Frontera, San Felipe"
  },
  {
    "code": "3877",
    "jurisdiction": "Salta/Chaco",
    "localities": "Joaqu\u00edn V\u00edctor Gonz\u00e1lez, Apolinario Saravia, Ceibalito, Centro 25 de Junio, Coronel Mollinedo, Coronel Olleros, El Quebrachal, Gaona, General Pizarro, Las Lajitas, Luis Burela, Macapillo, Piquete Cabado, R\u00edo del Valle, San Jos\u00e9 de la Orquera, Taco Pozo, Tolloche"
  },
  {
    "code": "3878",
    "jurisdiction": "Salta",
    "localities": "Or\u00e1n, Aguas Blancas, Campichuelo, Capit\u00e1n Juan Pag\u00e9, Carboncito, Colonia Santa Rosa, Coronel Juan Sol\u00e1, Dragones, Embarcaci\u00f3n, Hickman, Hip\u00f3lito Yrigoyen, Isla de Ca\u00f1as, La Misi\u00f3n, La Uni\u00f3n, Los Blancos, Los Toldos, Misi\u00f3n Chaque\u00f1a, Misi\u00f3n Tierras Fiscales, Padre Lozano, Pichanal, Pluma de Pato, Pueblo Viejo, Rivadavia, San Isidro de Iruya, Santa Rosa, Urundel"
  },
  {
    "code": "3885",
    "jurisdiction": "Jujuy/Salta",
    "localities": "La Quiaca, Acoyte, Barrios, Campo La Cruz, Cusi Cusi, Lagunillas del Farall\u00f3n, Liviara, Nazareno, Poscaya, San Marcos, Santa Victoria Oeste, Yavi"
  },
  {
    "code": "3886",
    "jurisdiction": "Jujuy",
    "localities": "Libertador General San Mart\u00edn, Bananal, Bermejito, Caimancito, Calilegua, Chalic\u00e1n, El Talar, Fraile Pintado, Palma Sola, Paulina, Valle Grande, Vinalito, Yuto"
  },
  {
    "code": "3888",
    "jurisdiction": "Jujuy",
    "localities": "San Pedro de Jujuy, Arrayanal, Arroyo Colorado, Don Emilio, El Acheral, El Fuerte, El Piquete, El Puesto, El Quemado, El Sauzal, La Esperanza, La Manga, La Mendieta, Miraflores, Palos Blancos, Parapet\u00ed, Piedritas, Puente Lavay\u00e9n, Rode\u00edto, Rosario de R\u00edo Grande, San Lucas, Santa Clara"
  },
  {
    "code": "3889",
    "jurisdiction": "Jujuy",
    "localities": "Humahuaca, Abra Pampa, Abd\u00f3n Castro Tolay, Abralaite, Cangrejillos, Casabindo, Caspal\u00e1, Catua, Ci\u00e9nega de Paicone, Cieneguillas, Cochinoca, Coctaca, Coranzul\u00ed, El Aguilar, El Toro, Hu\u00e1ncar, Iturbe, Mina Providencia, Olaroz Chico, Pairique Chico, Pastos Chicos, Puesto del Marqu\u00e9s, Puesto Sey, Pumahuasi, Rinconada, Rinconadillas, San Francisco de Alfarcito, San Juan de Quillaques, Santa Ana (Jujuy), Santa Catalina, Santuario de Tres Pozos, Susques, Tabladitas, Tres Cruces, Tusaquillas, Uqu\u00eda, Valle Colorado"
  },
  {
    "code": "3891",
    "jurisdiction": "Tucum\u00e1n",
    "localities": "Graneros, Lamadrid, Taco Ralo"
  },
  {
    "code": "3892",
    "jurisdiction": "Tucum\u00e1n",
    "localities": "Amaicha del Valle, Anca Juli, Colalao del Valle"
  },
  {
    "code": "3894",
    "jurisdiction": "Tucum\u00e1n",
    "localities": "Burruyac\u00fa, Barrio San Jorge, El Naranjo, Gobernador Garmendia, Piedrabuena, San Jos\u00e9 de Macomitas, Siete de Abril, Villa Benjam\u00edn Ar\u00e1oz, Villa Padre Monti"
  }
]
